task,method,n_train,seed,headline_f1,accuracy,n_train_actual,note
gilardi_relevance,qwen3,50,0.0,0.7816593886462883,0.8,50.0,
gilardi_relevance,qwen3,50,1.0,0.8412017167381974,0.852,50.0,
gilardi_relevance,qwen3,50,2.0,0.8340248962655602,0.84,50.0,
gilardi_relevance,qwen3,50,3.0,0.8028169014084507,0.832,50.0,
gilardi_relevance,qwen3,50,4.0,0.8306997742663657,0.85,50.0,
gilardi_relevance,qwen3,100,0.0,0.8647540983606558,0.868,100.0,
gilardi_relevance,qwen3,100,1.0,0.8839103869653768,0.886,100.0,
gilardi_relevance,qwen3,100,2.0,0.8739837398373984,0.876,100.0,
gilardi_relevance,qwen3,100,3.0,0.869757174392936,0.882,100.0,
gilardi_relevance,qwen3,100,4.0,0.8641425389755011,0.878,100.0,
gilardi_relevance,qwen3,250,0.0,0.8938053097345132,0.904,250.0,
gilardi_relevance,qwen3,250,1.0,0.8922413793103449,0.9,250.0,
gilardi_relevance,qwen3,250,2.0,0.8997772828507795,0.91,250.0,
gilardi_relevance,qwen3,250,3.0,0.8969957081545065,0.904,250.0,
gilardi_relevance,qwen3,250,4.0,0.8946236559139785,0.902,250.0,
gilardi_relevance,qwen3,500,0.0,0.898876404494382,0.91,500.0,
gilardi_relevance,qwen3,500,1.0,0.911504424778761,0.92,500.0,
gilardi_relevance,qwen3,500,2.0,0.9114470842332614,0.918,500.0,
gilardi_relevance,qwen3,500,3.0,0.9090909090909091,0.918,500.0,
gilardi_relevance,qwen3,500,4.0,0.8850325379609545,0.894,500.0,
gilardi_relevance,qwen3,1000,0.0,0.9173913043478261,0.924,1000.0,
gilardi_relevance,qwen3,1000,1.0,0.9078947368421053,0.916,1000.0,
gilardi_relevance,qwen3,1000,2.0,0.9146608315098468,0.922,1000.0,
gilardi_relevance,qwen3,1000,3.0,0.9026548672566371,0.912,1000.0,
gilardi_relevance,qwen3,1000,4.0,0.9,0.908,1000.0,
gilardi_relevance,qwen3,2000,,,,,remainder smaller than requested size
ballard_incivility,qwen3,50,0.0,0.13513513513513514,0.872,50.0,
ballard_incivility,qwen3,50,1.0,0.18556701030927836,0.842,50.0,
ballard_incivility,qwen3,50,2.0,0.06060606060606061,0.876,50.0,
ballard_incivility,qwen3,50,3.0,0.08571428571428572,0.872,50.0,
ballard_incivility,qwen3,50,4.0,0.14634146341463414,0.86,50.0,
ballard_incivility,qwen3,100,0.0,0.16296296296296298,0.774,100.0,
ballard_incivility,qwen3,100,1.0,0.21359223300970873,0.838,100.0,
ballard_incivility,qwen3,100,2.0,0.14285714285714285,0.88,100.0,
ballard_incivility,qwen3,100,3.0,0.30409356725146197,0.762,100.0,
ballard_incivility,qwen3,100,4.0,0.22413793103448276,0.82,100.0,
ballard_incivility,qwen3,250,0.0,0.39759036144578314,0.8,250.0,
ballard_incivility,qwen3,250,1.0,0.37073170731707317,0.742,250.0,
ballard_incivility,qwen3,250,2.0,0.272108843537415,0.786,250.0,
ballard_incivility,qwen3,250,3.0,0.40625,0.848,250.0,
ballard_incivility,qwen3,250,4.0,0.30357142857142855,0.844,250.0,
ballard_incivility,qwen3,500,0.0,0.4489795918367347,0.838,500.0,
ballard_incivility,qwen3,500,1.0,0.358974358974359,0.8,500.0,
ballard_incivility,qwen3,500,2.0,0.425,0.816,500.0,
ballard_incivility,qwen3,500,3.0,0.4148148148148148,0.842,500.0,
ballard_incivility,qwen3,500,4.0,0.4046242774566474,0.794,500.0,
ballard_incivility,qwen3,1000,0.0,0.38926174496644295,0.818,1000.0,
ballard_incivility,qwen3,1000,1.0,0.4583333333333333,0.844,1000.0,
ballard_incivility,qwen3,1000,2.0,0.4675324675324675,0.836,1000.0,
ballard_incivility,qwen3,1000,3.0,0.42105263157894735,0.824,1000.0,
ballard_incivility,qwen3,1000,4.0,0.4117647058823529,0.8,1000.0,
ballard_incivility,qwen3,2000,0.0,0.4966442953020134,0.85,2000.0,
ballard_incivility,qwen3,2000,1.0,0.4840764331210191,0.838,2000.0,
ballard_incivility,qwen3,2000,2.0,0.4585987261146497,0.83,2000.0,
ballard_incivility,qwen3,2000,3.0,0.4675324675324675,0.836,2000.0,
ballard_incivility,qwen3,2000,4.0,0.42038216560509556,0.818,2000.0,
gilardi_stance,qwen3,50,0.0,0.584653793652285,0.734,50.0,
gilardi_stance,qwen3,50,1.0,0.5419287402107081,0.706,50.0,
gilardi_stance,qwen3,50,2.0,0.557048763055602,0.734,50.0,
gilardi_stance,qwen3,50,3.0,0.5850559301135084,0.718,50.0,
gilardi_stance,qwen3,50,4.0,0.5919024633081759,0.738,50.0,
gilardi_stance,qwen3,100,0.0,0.5968208278800472,0.778,100.0,
gilardi_stance,qwen3,100,1.0,0.5534944474243598,0.746,100.0,
gilardi_stance,qwen3,100,2.0,0.6409925902893235,0.768,100.0,
gilardi_stance,qwen3,100,3.0,0.5933621933621934,0.776,100.0,
gilardi_stance,qwen3,100,4.0,0.6676787494660777,0.754,100.0,
gilardi_stance,qwen3,250,0.0,0.6945920312787311,0.832,250.0,
gilardi_stance,qwen3,250,1.0,0.69356549070545,0.814,250.0,
gilardi_stance,qwen3,250,2.0,0.6830757983877076,0.816,250.0,
gilardi_stance,qwen3,250,3.0,0.6771467859254119,0.794,250.0,
gilardi_stance,qwen3,250,4.0,0.6872672207982319,0.838,250.0,
gilardi_stance,qwen3,500,,,,,remainder smaller than requested size
gilardi_stance,qwen3,1000,,,,,remainder smaller than requested size
gilardi_stance,qwen3,2000,,,,,remainder smaller than requested size
chae_semeval_stance,qwen3,50,0.0,0.5929757189264339,0.618,50.0,
chae_semeval_stance,qwen3,50,1.0,0.5728058578645752,0.602,50.0,
chae_semeval_stance,qwen3,50,2.0,0.5354336043360434,0.58,50.0,
chae_semeval_stance,qwen3,50,3.0,0.5984534646305404,0.624,50.0,
chae_semeval_stance,qwen3,50,4.0,0.5126207126207126,0.536,50.0,
chae_semeval_stance,qwen3,100,0.0,0.5824235800318643,0.584,100.0,
chae_semeval_stance,qwen3,100,1.0,0.6071795043082614,0.606,100.0,
chae_semeval_stance,qwen3,100,2.0,0.5943747333707213,0.606,100.0,
chae_semeval_stance,qwen3,100,3.0,0.6276586744883316,0.644,100.0,
chae_semeval_stance,qwen3,100,4.0,0.6466585505470318,0.66,100.0,
chae_semeval_stance,qwen3,250,0.0,0.6907512645745709,0.7,250.0,
chae_semeval_stance,qwen3,250,1.0,0.6703835873022067,0.676,250.0,
chae_semeval_stance,qwen3,250,2.0,0.6612376854671167,0.666,250.0,
chae_semeval_stance,qwen3,250,3.0,0.6766474875335634,0.686,250.0,
chae_semeval_stance,qwen3,250,4.0,0.650434035573424,0.666,250.0,
chae_semeval_stance,qwen3,500,0.0,0.6877260369140744,0.692,500.0,
chae_semeval_stance,qwen3,500,1.0,0.6856397878738821,0.686,500.0,
chae_semeval_stance,qwen3,500,2.0,0.6840439570767618,0.69,500.0,
chae_semeval_stance,qwen3,500,3.0,0.6521981287837094,0.666,500.0,
chae_semeval_stance,qwen3,500,4.0,0.6867578801376709,0.692,500.0,
chae_semeval_stance,qwen3,1000,0.0,0.6835428257994792,0.684,1000.0,
chae_semeval_stance,qwen3,1000,1.0,0.6926786349311457,0.694,1000.0,
chae_semeval_stance,qwen3,1000,2.0,0.7113877324605294,0.714,1000.0,
chae_semeval_stance,qwen3,1000,3.0,0.6965689029511344,0.702,1000.0,
chae_semeval_stance,qwen3,1000,4.0,0.6829702254162804,0.688,1000.0,
chae_semeval_stance,qwen3,2000,,,,,remainder smaller than requested size
ornstein_scotus_sentiment,qwen3,50,0.0,0.5939718325356219,0.654,50.0,
ornstein_scotus_sentiment,qwen3,50,1.0,0.4999527711131486,0.57,50.0,
ornstein_scotus_sentiment,qwen3,50,2.0,0.5330969884399883,0.648,50.0,
ornstein_scotus_sentiment,qwen3,50,3.0,0.5687678149887906,0.656,50.0,
ornstein_scotus_sentiment,qwen3,50,4.0,0.501924701329535,0.606,50.0,
ornstein_scotus_sentiment,qwen3,100,0.0,0.5365592811746658,0.676,100.0,
ornstein_scotus_sentiment,qwen3,100,1.0,0.6073766134163028,0.688,100.0,
ornstein_scotus_sentiment,qwen3,100,2.0,0.5919041585150305,0.69,100.0,
ornstein_scotus_sentiment,qwen3,100,3.0,0.5420551375442108,0.66,100.0,
ornstein_scotus_sentiment,qwen3,100,4.0,0.5974310951504334,0.676,100.0,
ornstein_scotus_sentiment,qwen3,250,0.0,0.6407674460466096,0.72,250.0,
ornstein_scotus_sentiment,qwen3,250,1.0,0.6410574460906014,0.73,250.0,
ornstein_scotus_sentiment,qwen3,250,2.0,0.6407526067112165,0.714,250.0,
ornstein_scotus_sentiment,qwen3,250,3.0,0.6498121022058142,0.722,250.0,
ornstein_scotus_sentiment,qwen3,250,4.0,0.6564531533049892,0.726,250.0,
ornstein_scotus_sentiment,qwen3,500,,,,,remainder smaller than requested size
ornstein_scotus_sentiment,qwen3,1000,,,,,remainder smaller than requested size
ornstein_scotus_sentiment,qwen3,2000,,,,,remainder smaller than requested size
wesleyan_creative_ads_2022,qwen3,50,0.0,0.5013537811819647,0.756,50.0,
wesleyan_creative_ads_2022,qwen3,50,1.0,0.5800722159656764,0.778,50.0,
wesleyan_creative_ads_2022,qwen3,50,2.0,0.4819941233734337,0.766,50.0,
wesleyan_creative_ads_2022,qwen3,50,3.0,0.4913543476462315,0.734,50.0,
wesleyan_creative_ads_2022,qwen3,50,4.0,0.5115826036841195,0.748,50.0,
wesleyan_creative_ads_2022,qwen3,100,0.0,0.46678019217761646,0.74,100.0,
wesleyan_creative_ads_2022,qwen3,100,1.0,0.5664307757544348,0.79,100.0,
wesleyan_creative_ads_2022,qwen3,100,2.0,0.5481435074969719,0.754,100.0,
wesleyan_creative_ads_2022,qwen3,100,3.0,0.4324217158489028,0.724,100.0,
wesleyan_creative_ads_2022,qwen3,100,4.0,0.42654922665583644,0.748,100.0,
wesleyan_creative_ads_2022,qwen3,250,0.0,0.5698289132251396,0.798,250.0,
wesleyan_creative_ads_2022,qwen3,250,1.0,0.5951298724835621,0.766,250.0,
wesleyan_creative_ads_2022,qwen3,250,2.0,0.5623255034080451,0.766,250.0,
wesleyan_creative_ads_2022,qwen3,250,3.0,0.5870102583117044,0.808,250.0,
wesleyan_creative_ads_2022,qwen3,250,4.0,0.5083821816637207,0.722,250.0,
wesleyan_creative_ads_2022,qwen3,500,0.0,0.6100496625048089,0.818,500.0,
wesleyan_creative_ads_2022,qwen3,500,1.0,0.6049904607633844,0.784,500.0,
wesleyan_creative_ads_2022,qwen3,500,2.0,0.6219204749438697,0.75,500.0,
wesleyan_creative_ads_2022,qwen3,500,3.0,0.6300810400496076,0.816,500.0,
wesleyan_creative_ads_2022,qwen3,500,4.0,0.61735966554714,0.822,500.0,
wesleyan_creative_ads_2022,qwen3,1000,0.0,0.6365200317048566,0.824,1000.0,
wesleyan_creative_ads_2022,qwen3,1000,1.0,0.6588548846613363,0.804,1000.0,
wesleyan_creative_ads_2022,qwen3,1000,2.0,0.6908615576386535,0.832,1000.0,
wesleyan_creative_ads_2022,qwen3,1000,3.0,0.6305158075719833,0.794,1000.0,
wesleyan_creative_ads_2022,qwen3,1000,4.0,0.6295469131048645,0.782,1000.0,
wesleyan_creative_ads_2022,qwen3,2000,0.0,0.6721699756182516,0.852,2000.0,
wesleyan_creative_ads_2022,qwen3,2000,1.0,0.6525731595460216,0.802,2000.0,
wesleyan_creative_ads_2022,qwen3,2000,2.0,0.6864276827206313,0.844,2000.0,
wesleyan_creative_ads_2022,qwen3,2000,3.0,0.7167579305539525,0.85,2000.0,
wesleyan_creative_ads_2022,qwen3,2000,4.0,0.6956785784678012,0.842,2000.0,
halterman_keith_bfrs,qwen3,50,0.0,0.475686671658437,0.612,50.0,
halterman_keith_bfrs,qwen3,50,1.0,0.47436987236910794,0.598,50.0,
halterman_keith_bfrs,qwen3,50,2.0,0.5473343112464285,0.632,50.0,
halterman_keith_bfrs,qwen3,50,3.0,0.4604148882123451,0.588,50.0,
halterman_keith_bfrs,qwen3,50,4.0,0.4854145522541331,0.576,50.0,
halterman_keith_bfrs,qwen3,100,0.0,0.5665093614230216,0.702,100.0,
halterman_keith_bfrs,qwen3,100,1.0,0.4746337663591025,0.662,100.0,
halterman_keith_bfrs,qwen3,100,2.0,0.5976355677189926,0.696,100.0,
halterman_keith_bfrs,qwen3,100,3.0,0.5996888264432124,0.73,100.0,
halterman_keith_bfrs,qwen3,100,4.0,0.6088538394059801,0.694,100.0,
halterman_keith_bfrs,qwen3,250,0.0,0.6157903828509775,0.748,250.0,
halterman_keith_bfrs,qwen3,250,1.0,0.5929210284392986,0.74,250.0,
halterman_keith_bfrs,qwen3,250,2.0,0.5731398354464795,0.724,250.0,
halterman_keith_bfrs,qwen3,250,3.0,0.6562353930959363,0.718,250.0,
halterman_keith_bfrs,qwen3,250,4.0,0.6083137524588794,0.708,250.0,
halterman_keith_bfrs,qwen3,500,0.0,0.6493445168679968,0.762,500.0,
halterman_keith_bfrs,qwen3,500,1.0,0.6087045767413415,0.762,500.0,
halterman_keith_bfrs,qwen3,500,2.0,0.6621264319053527,0.736,500.0,
halterman_keith_bfrs,qwen3,500,3.0,0.6243143054840933,0.734,500.0,
halterman_keith_bfrs,qwen3,500,4.0,0.6378430753371903,0.752,500.0,
halterman_keith_bfrs,qwen3,1000,0.0,0.6658078370096651,0.778,1000.0,
halterman_keith_bfrs,qwen3,1000,1.0,0.6475500198867479,0.744,1000.0,
halterman_keith_bfrs,qwen3,1000,2.0,0.636775354312031,0.746,1000.0,
halterman_keith_bfrs,qwen3,1000,3.0,0.7258552509916357,0.77,1000.0,
halterman_keith_bfrs,qwen3,1000,4.0,0.6796478566587792,0.73,1000.0,
halterman_keith_bfrs,qwen3,2000,0.0,0.7011244292105872,0.766,2000.0,
halterman_keith_bfrs,qwen3,2000,1.0,0.689469761968965,0.766,2000.0,
halterman_keith_bfrs,qwen3,2000,2.0,0.7127319153915956,0.78,2000.0,
halterman_keith_bfrs,qwen3,2000,3.0,0.71782739968511,0.774,2000.0,
halterman_keith_bfrs,qwen3,2000,4.0,0.6509927508497361,0.764,2000.0,
halterman_keith_cmp,qwen3,50,0.0,0.3555412488523405,0.424,50.0,
halterman_keith_cmp,qwen3,50,1.0,0.3605912565994846,0.434,50.0,
halterman_keith_cmp,qwen3,50,2.0,0.32424652512022967,0.358,50.0,
halterman_keith_cmp,qwen3,50,3.0,0.37755762755762756,0.422,50.0,
halterman_keith_cmp,qwen3,50,4.0,0.35794257564851373,0.422,50.0,
halterman_keith_cmp,qwen3,100,0.0,0.43094261330127054,0.448,100.0,
halterman_keith_cmp,qwen3,100,1.0,0.46355957944672743,0.5,100.0,
halterman_keith_cmp,qwen3,100,2.0,0.4292683631639303,0.476,100.0,
halterman_keith_cmp,qwen3,100,3.0,0.4438759403775307,0.49,100.0,
halterman_keith_cmp,qwen3,100,4.0,0.44141213362503046,0.466,100.0,
halterman_keith_cmp,qwen3,250,0.0,0.524228402515854,0.57,250.0,
halterman_keith_cmp,qwen3,250,1.0,0.4764419986620312,0.504,250.0,
halterman_keith_cmp,qwen3,250,2.0,0.5094241135822302,0.544,250.0,
halterman_keith_cmp,qwen3,250,3.0,0.49440186975694805,0.53,250.0,
halterman_keith_cmp,qwen3,250,4.0,0.5186264652830078,0.57,250.0,
halterman_keith_cmp,qwen3,500,0.0,0.5179738615116946,0.566,500.0,
halterman_keith_cmp,qwen3,500,1.0,0.5355208577555969,0.574,500.0,
halterman_keith_cmp,qwen3,500,2.0,0.5264771702231762,0.57,500.0,
halterman_keith_cmp,qwen3,500,3.0,0.5453215443288568,0.588,500.0,
halterman_keith_cmp,qwen3,500,4.0,0.5164135215118132,0.552,500.0,
halterman_keith_cmp,qwen3,1000,,,,,remainder smaller than requested size
halterman_keith_cmp,qwen3,2000,,,,,remainder smaller than requested size
mellon_bes_mii_2024,qwen3,50,0.0,0.48509788444392593,0.862,50.0,
mellon_bes_mii_2024,qwen3,50,1.0,0.45641191979639323,0.832,50.0,
mellon_bes_mii_2024,qwen3,50,2.0,0.51017689942365,0.876,50.0,
mellon_bes_mii_2024,qwen3,50,3.0,0.4504630043131713,0.844,50.0,
mellon_bes_mii_2024,qwen3,50,4.0,0.46589254127043905,0.85,50.0,
mellon_bes_mii_2024,qwen3,100,0.0,0.4791081392884606,0.878,100.0,
mellon_bes_mii_2024,qwen3,100,1.0,0.4975714916015174,0.894,100.0,
mellon_bes_mii_2024,qwen3,100,2.0,0.47300036605555906,0.866,100.0,
mellon_bes_mii_2024,qwen3,100,3.0,0.4651964480589875,0.858,100.0,
mellon_bes_mii_2024,qwen3,100,4.0,0.4977790200055724,0.894,100.0,
mellon_bes_mii_2024,qwen3,250,0.0,0.5107946234146096,0.914,250.0,
mellon_bes_mii_2024,qwen3,250,1.0,0.5354292896163748,0.912,250.0,
mellon_bes_mii_2024,qwen3,250,2.0,0.5342686943674876,0.924,250.0,
mellon_bes_mii_2024,qwen3,250,3.0,0.5547725894644555,0.924,250.0,
mellon_bes_mii_2024,qwen3,250,4.0,0.53680328917966,0.92,250.0,
mellon_bes_mii_2024,qwen3,500,0.0,0.5340919118088089,0.902,500.0,
mellon_bes_mii_2024,qwen3,500,1.0,0.5340919118088089,0.902,500.0,
mellon_bes_mii_2024,qwen3,500,2.0,0.5340919118088089,0.902,500.0,
mellon_bes_mii_2024,qwen3,500,3.0,0.5340919118088089,0.902,500.0,
mellon_bes_mii_2024,qwen3,500,4.0,0.5340919118088089,0.902,500.0,
mellon_bes_mii_2024,qwen3,1000,,,,,remainder smaller than requested size
mellon_bes_mii_2024,qwen3,2000,,,,,remainder smaller than requested size
osnabruegge_cross_domain_topic,qwen3,50,0.0,0.3784683409715227,0.466,50.0,
osnabruegge_cross_domain_topic,qwen3,50,1.0,0.36184282175435545,0.452,50.0,
osnabruegge_cross_domain_topic,qwen3,50,2.0,0.35127418222721085,0.454,50.0,
osnabruegge_cross_domain_topic,qwen3,50,3.0,0.3952097622280266,0.444,50.0,
osnabruegge_cross_domain_topic,qwen3,50,4.0,0.3675542609039497,0.418,50.0,
osnabruegge_cross_domain_topic,qwen3,100,0.0,0.4292250238284052,0.476,100.0,
osnabruegge_cross_domain_topic,qwen3,100,1.0,0.32541704606818816,0.486,100.0,
osnabruegge_cross_domain_topic,qwen3,100,2.0,0.3886093774666695,0.506,100.0,
osnabruegge_cross_domain_topic,qwen3,100,3.0,0.3628376099734069,0.488,100.0,
osnabruegge_cross_domain_topic,qwen3,100,4.0,0.4572317045756169,0.496,100.0,
osnabruegge_cross_domain_topic,qwen3,250,0.0,0.5189478370139606,0.55,250.0,
osnabruegge_cross_domain_topic,qwen3,250,1.0,0.5031954561911216,0.562,250.0,
osnabruegge_cross_domain_topic,qwen3,250,2.0,0.49045120991915403,0.574,250.0,
osnabruegge_cross_domain_topic,qwen3,250,3.0,0.46024612326111547,0.502,250.0,
osnabruegge_cross_domain_topic,qwen3,250,4.0,0.4745487220716056,0.522,250.0,
osnabruegge_cross_domain_topic,qwen3,500,0.0,0.556847554988876,0.594,500.0,
osnabruegge_cross_domain_topic,qwen3,500,1.0,0.5049498008674516,0.542,500.0,
osnabruegge_cross_domain_topic,qwen3,500,2.0,0.5373147034835708,0.57,500.0,
osnabruegge_cross_domain_topic,qwen3,500,3.0,0.5233745518889881,0.552,500.0,
osnabruegge_cross_domain_topic,qwen3,500,4.0,0.5212206140996509,0.568,500.0,
osnabruegge_cross_domain_topic,qwen3,1000,0.0,0.5972703302680871,0.62,1000.0,
osnabruegge_cross_domain_topic,qwen3,1000,1.0,0.5739895796981055,0.598,1000.0,
osnabruegge_cross_domain_topic,qwen3,1000,2.0,0.5725008186438024,0.61,1000.0,
osnabruegge_cross_domain_topic,qwen3,1000,3.0,0.5314797420100787,0.59,1000.0,
osnabruegge_cross_domain_topic,qwen3,1000,4.0,0.5770037295284274,0.602,1000.0,
osnabruegge_cross_domain_topic,qwen3,2000,0.0,0.597904744548148,0.62,2000.0,
osnabruegge_cross_domain_topic,qwen3,2000,1.0,0.6194671867467048,0.628,2000.0,
osnabruegge_cross_domain_topic,qwen3,2000,2.0,0.6125048000262815,0.634,2000.0,
osnabruegge_cross_domain_topic,qwen3,2000,3.0,0.6030518684031598,0.612,2000.0,
osnabruegge_cross_domain_topic,qwen3,2000,4.0,0.6151805765020848,0.63,2000.0,
rheault_line_of_fire_incivility,qwen3,50,0.0,0.4791666666666667,0.9,50.0,
rheault_line_of_fire_incivility,qwen3,50,1.0,0.6101694915254238,0.908,50.0,
rheault_line_of_fire_incivility,qwen3,50,2.0,0.5510204081632653,0.912,50.0,
rheault_line_of_fire_incivility,qwen3,50,3.0,0.5818181818181818,0.908,50.0,
rheault_line_of_fire_incivility,qwen3,50,4.0,0.425,0.908,50.0,
rheault_line_of_fire_incivility,qwen3,100,0.0,0.6229508196721312,0.908,100.0,
rheault_line_of_fire_incivility,qwen3,100,1.0,0.6101694915254238,0.908,100.0,
rheault_line_of_fire_incivility,qwen3,100,2.0,0.6142857142857143,0.892,100.0,
rheault_line_of_fire_incivility,qwen3,100,3.0,0.6,0.904,100.0,
rheault_line_of_fire_incivility,qwen3,100,4.0,0.5694444444444444,0.876,100.0,
rheault_line_of_fire_incivility,qwen3,250,0.0,0.5578231292517006,0.87,250.0,
rheault_line_of_fire_incivility,qwen3,250,1.0,0.5753424657534246,0.876,250.0,
rheault_line_of_fire_incivility,qwen3,250,2.0,0.5897435897435898,0.872,250.0,
rheault_line_of_fire_incivility,qwen3,250,3.0,0.6086956521739131,0.892,250.0,
rheault_line_of_fire_incivility,qwen3,250,4.0,0.5850340136054422,0.878,250.0,
rheault_line_of_fire_incivility,qwen3,500,0.0,0.6518518518518519,0.906,500.0,
rheault_line_of_fire_incivility,qwen3,500,1.0,0.639344262295082,0.912,500.0,
rheault_line_of_fire_incivility,qwen3,500,2.0,0.6515151515151515,0.908,500.0,
rheault_line_of_fire_incivility,qwen3,500,3.0,0.6376811594202898,0.9,500.0,
rheault_line_of_fire_incivility,qwen3,500,4.0,0.6046511627906976,0.898,500.0,
rheault_line_of_fire_incivility,qwen3,1000,0.0,0.6231884057971014,0.896,1000.0,
rheault_line_of_fire_incivility,qwen3,1000,1.0,0.6174496644295302,0.886,1000.0,
rheault_line_of_fire_incivility,qwen3,1000,2.0,0.6511627906976745,0.91,1000.0,
rheault_line_of_fire_incivility,qwen3,1000,3.0,0.6766917293233082,0.914,1000.0,
rheault_line_of_fire_incivility,qwen3,1000,4.0,0.6029411764705882,0.892,1000.0,
rheault_line_of_fire_incivility,qwen3,2000,0.0,0.6301369863013698,0.892,2000.0,
rheault_line_of_fire_incivility,qwen3,2000,1.0,0.6428571428571429,0.9,2000.0,
rheault_line_of_fire_incivility,qwen3,2000,2.0,0.6388888888888888,0.896,2000.0,
rheault_line_of_fire_incivility,qwen3,2000,3.0,0.656934306569343,0.906,2000.0,
rheault_line_of_fire_incivility,qwen3,2000,4.0,0.6764705882352942,0.912,2000.0,
haunss_papea_fgz_forms,qwen3,50,0.0,0.8412613494712031,0.894,50.0,
haunss_papea_fgz_forms,qwen3,50,1.0,0.842162755904914,0.892,50.0,
haunss_papea_fgz_forms,qwen3,50,2.0,0.8631377333625048,0.906,50.0,
haunss_papea_fgz_forms,qwen3,50,3.0,0.8440139237173242,0.898,50.0,
haunss_papea_fgz_forms,qwen3,50,4.0,0.7939592348369456,0.876,50.0,
haunss_papea_fgz_forms,qwen3,100,0.0,0.8917465644385286,0.902,100.0,
haunss_papea_fgz_forms,qwen3,100,1.0,0.8327403084692442,0.9,100.0,
haunss_papea_fgz_forms,qwen3,100,2.0,0.8665573633235647,0.896,100.0,
haunss_papea_fgz_forms,qwen3,100,3.0,0.8622053906523097,0.888,100.0,
haunss_papea_fgz_forms,qwen3,100,4.0,0.8917928155280118,0.922,100.0,
haunss_papea_fgz_forms,qwen3,250,0.0,0.9271475416979879,0.944,250.0,
haunss_papea_fgz_forms,qwen3,250,1.0,0.9120451970552974,0.936,250.0,
haunss_papea_fgz_forms,qwen3,250,2.0,0.9179310599203976,0.928,250.0,
haunss_papea_fgz_forms,qwen3,250,3.0,0.8664192048759356,0.898,250.0,
haunss_papea_fgz_forms,qwen3,250,4.0,0.890811284443695,0.906,250.0,
haunss_papea_fgz_forms,qwen3,500,0.0,0.9305877183768025,0.946,500.0,
haunss_papea_fgz_forms,qwen3,500,1.0,0.9275582163048923,0.946,500.0,
haunss_papea_fgz_forms,qwen3,500,2.0,0.9350128041927762,0.94,500.0,
haunss_papea_fgz_forms,qwen3,500,3.0,0.923050715509693,0.94,500.0,
haunss_papea_fgz_forms,qwen3,500,4.0,0.936820282947702,0.944,500.0,
haunss_papea_fgz_forms,qwen3,1000,0.0,0.9390248626389223,0.948,1000.0,
haunss_papea_fgz_forms,qwen3,1000,1.0,0.926560208000919,0.942,1000.0,
haunss_papea_fgz_forms,qwen3,1000,2.0,0.9367802855011694,0.95,1000.0,
haunss_papea_fgz_forms,qwen3,1000,3.0,0.9356521124497623,0.946,1000.0,
haunss_papea_fgz_forms,qwen3,1000,4.0,0.9323485098411336,0.946,1000.0,
haunss_papea_fgz_forms,qwen3,2000,0.0,0.9388483867501999,0.95,2000.0,
haunss_papea_fgz_forms,qwen3,2000,1.0,0.9333318694645577,0.946,2000.0,
haunss_papea_fgz_forms,qwen3,2000,2.0,0.9456630536259178,0.954,2000.0,
haunss_papea_fgz_forms,qwen3,2000,3.0,0.9374478648439041,0.95,2000.0,
haunss_papea_fgz_forms,qwen3,2000,4.0,0.9347542894439914,0.948,2000.0,
douglass_icbe_sentence_event_type,qwen3,50,0.0,0.3017311497294334,0.34,50.0,
douglass_icbe_sentence_event_type,qwen3,50,1.0,0.2996379914018526,0.354,50.0,
douglass_icbe_sentence_event_type,qwen3,50,2.0,0.335805007680129,0.37,50.0,
douglass_icbe_sentence_event_type,qwen3,50,3.0,0.28992775116072267,0.342,50.0,
douglass_icbe_sentence_event_type,qwen3,50,4.0,0.3572864884774515,0.422,50.0,
douglass_icbe_sentence_event_type,qwen3,100,0.0,0.4293685327806413,0.484,100.0,
douglass_icbe_sentence_event_type,qwen3,100,1.0,0.32306781543641244,0.374,100.0,
douglass_icbe_sentence_event_type,qwen3,100,2.0,0.41307630282047525,0.468,100.0,
douglass_icbe_sentence_event_type,qwen3,100,3.0,0.35269737661165557,0.382,100.0,
douglass_icbe_sentence_event_type,qwen3,100,4.0,0.3465016114494851,0.382,100.0,
douglass_icbe_sentence_event_type,qwen3,250,0.0,0.44941585472159407,0.496,250.0,
douglass_icbe_sentence_event_type,qwen3,250,1.0,0.4639586926996029,0.49,250.0,
douglass_icbe_sentence_event_type,qwen3,250,2.0,0.42949329207285913,0.472,250.0,
douglass_icbe_sentence_event_type,qwen3,250,3.0,0.46567413768685684,0.514,250.0,
douglass_icbe_sentence_event_type,qwen3,250,4.0,0.5011154518525949,0.522,250.0,
douglass_icbe_sentence_event_type,qwen3,500,0.0,0.5042172174615585,0.554,500.0,
douglass_icbe_sentence_event_type,qwen3,500,1.0,0.4773492895381878,0.522,500.0,
douglass_icbe_sentence_event_type,qwen3,500,2.0,0.5260023003981206,0.57,500.0,
douglass_icbe_sentence_event_type,qwen3,500,3.0,0.4753895239137977,0.526,500.0,
douglass_icbe_sentence_event_type,qwen3,500,4.0,0.5070041121193195,0.546,500.0,
douglass_icbe_sentence_event_type,qwen3,1000,0.0,0.5444694485255207,0.586,1000.0,
douglass_icbe_sentence_event_type,qwen3,1000,1.0,0.5333968577001738,0.568,1000.0,
douglass_icbe_sentence_event_type,qwen3,1000,2.0,0.5480640078536348,0.582,1000.0,
douglass_icbe_sentence_event_type,qwen3,1000,3.0,0.5415675326846615,0.57,1000.0,
douglass_icbe_sentence_event_type,qwen3,1000,4.0,0.5027674346971505,0.554,1000.0,
douglass_icbe_sentence_event_type,qwen3,2000,0.0,0.5717387381484765,0.616,2000.0,
douglass_icbe_sentence_event_type,qwen3,2000,1.0,0.5741525839667994,0.612,2000.0,
douglass_icbe_sentence_event_type,qwen3,2000,2.0,0.5633805812247691,0.59,2000.0,
douglass_icbe_sentence_event_type,qwen3,2000,3.0,0.5632587592859548,0.6,2000.0,
douglass_icbe_sentence_event_type,qwen3,2000,4.0,0.5572130421180078,0.598,2000.0,
muller_fujimura_campaign_policy_area,qwen3,50,0.0,0.44986536223926127,0.456,50.0,
muller_fujimura_campaign_policy_area,qwen3,50,1.0,0.42789296884532724,0.492,50.0,
muller_fujimura_campaign_policy_area,qwen3,50,2.0,0.4664178733422861,0.554,50.0,
muller_fujimura_campaign_policy_area,qwen3,50,3.0,0.4217022866121576,0.506,50.0,
muller_fujimura_campaign_policy_area,qwen3,50,4.0,0.4289824751952633,0.532,50.0,
muller_fujimura_campaign_policy_area,qwen3,100,0.0,0.5770008288692002,0.648,100.0,
muller_fujimura_campaign_policy_area,qwen3,100,1.0,0.5408640663081493,0.636,100.0,
muller_fujimura_campaign_policy_area,qwen3,100,2.0,0.5612266438830728,0.646,100.0,
muller_fujimura_campaign_policy_area,qwen3,100,3.0,0.5296599113250731,0.652,100.0,
muller_fujimura_campaign_policy_area,qwen3,100,4.0,0.5539817303434302,0.622,100.0,
muller_fujimura_campaign_policy_area,qwen3,250,0.0,0.641453553501239,0.718,250.0,
muller_fujimura_campaign_policy_area,qwen3,250,1.0,0.642189006387678,0.702,250.0,
muller_fujimura_campaign_policy_area,qwen3,250,2.0,0.7150741610419091,0.77,250.0,
muller_fujimura_campaign_policy_area,qwen3,250,3.0,0.6714196707851828,0.748,250.0,
muller_fujimura_campaign_policy_area,qwen3,250,4.0,0.685295893591232,0.748,250.0,
muller_fujimura_campaign_policy_area,qwen3,500,0.0,0.7212637671745957,0.758,500.0,
muller_fujimura_campaign_policy_area,qwen3,500,1.0,0.7103932084107769,0.764,500.0,
muller_fujimura_campaign_policy_area,qwen3,500,2.0,0.6904207771292322,0.756,500.0,
muller_fujimura_campaign_policy_area,qwen3,500,3.0,0.6676761201089625,0.744,500.0,
muller_fujimura_campaign_policy_area,qwen3,500,4.0,0.6661733051961977,0.742,500.0,
muller_fujimura_campaign_policy_area,qwen3,1000,0.0,0.7395546533652914,0.782,1000.0,
muller_fujimura_campaign_policy_area,qwen3,1000,1.0,0.7553031108117888,0.802,1000.0,
muller_fujimura_campaign_policy_area,qwen3,1000,2.0,0.7338017389812718,0.778,1000.0,
muller_fujimura_campaign_policy_area,qwen3,1000,3.0,0.7733991543160545,0.804,1000.0,
muller_fujimura_campaign_policy_area,qwen3,1000,4.0,0.7469523755274454,0.792,1000.0,
muller_fujimura_campaign_policy_area,qwen3,2000,0.0,0.7789755922608989,0.802,2000.0,
muller_fujimura_campaign_policy_area,qwen3,2000,1.0,0.7729053763274812,0.798,2000.0,
muller_fujimura_campaign_policy_area,qwen3,2000,2.0,0.7800084755990814,0.81,2000.0,
muller_fujimura_campaign_policy_area,qwen3,2000,3.0,0.7623765957656543,0.796,2000.0,
muller_fujimura_campaign_policy_area,qwen3,2000,4.0,0.7776463226717207,0.806,2000.0,
burnham_polnli_entailment,qwen3,50,0.0,0.7068062827225131,0.776,50.0,
burnham_polnli_entailment,qwen3,50,1.0,0.680628272251309,0.756,50.0,
burnham_polnli_entailment,qwen3,50,2.0,0.8190045248868778,0.84,50.0,
burnham_polnli_entailment,qwen3,50,3.0,0.7581047381546134,0.806,50.0,
burnham_polnli_entailment,qwen3,50,4.0,0.7479224376731302,0.818,50.0,
burnham_polnli_entailment,qwen3,100,0.0,0.783068783068783,0.836,100.0,
burnham_polnli_entailment,qwen3,100,1.0,0.8123620309050773,0.83,100.0,
burnham_polnli_entailment,qwen3,100,2.0,0.8665105386416861,0.886,100.0,
burnham_polnli_entailment,qwen3,100,3.0,0.7959697732997482,0.838,100.0,
burnham_polnli_entailment,qwen3,100,4.0,0.7804878048780488,0.838,100.0,
burnham_polnli_entailment,qwen3,250,0.0,0.8365384615384616,0.864,250.0,
burnham_polnli_entailment,qwen3,250,1.0,0.8578199052132701,0.88,250.0,
burnham_polnli_entailment,qwen3,250,2.0,0.8504672897196262,0.872,250.0,
burnham_polnli_entailment,qwen3,250,3.0,0.8426150121065376,0.87,250.0,
burnham_polnli_entailment,qwen3,250,4.0,0.8309859154929577,0.856,250.0,
burnham_polnli_entailment,qwen3,500,0.0,0.847457627118644,0.874,500.0,
burnham_polnli_entailment,qwen3,500,1.0,0.8470588235294118,0.87,500.0,
burnham_polnli_entailment,qwen3,500,2.0,0.8584905660377359,0.88,500.0,
burnham_polnli_entailment,qwen3,500,3.0,0.8578088578088578,0.878,500.0,
burnham_polnli_entailment,qwen3,500,4.0,0.8564593301435407,0.88,500.0,
burnham_polnli_entailment,qwen3,1000,0.0,0.8687350835322196,0.89,1000.0,
burnham_polnli_entailment,qwen3,1000,1.0,0.8710462287104623,0.894,1000.0,
burnham_polnli_entailment,qwen3,1000,2.0,0.84688995215311,0.872,1000.0,
burnham_polnli_entailment,qwen3,1000,3.0,0.875,0.896,1000.0,
burnham_polnli_entailment,qwen3,1000,4.0,0.8578313253012049,0.882,1000.0,
burnham_polnli_entailment,qwen3,2000,0.0,0.8813559322033898,0.902,2000.0,
burnham_polnli_entailment,qwen3,2000,1.0,0.8767772511848341,0.896,2000.0,
burnham_polnli_entailment,qwen3,2000,2.0,0.8674698795180723,0.89,2000.0,
burnham_polnli_entailment,qwen3,2000,3.0,0.8699763593380615,0.89,2000.0,
burnham_polnli_entailment,qwen3,2000,4.0,0.8584905660377359,0.88,2000.0,
theocharis_dynamics_incivility,qwen3,50,0.0,0.5865102639296188,0.718,50.0,
theocharis_dynamics_incivility,qwen3,50,1.0,0.2033898305084746,0.718,50.0,
theocharis_dynamics_incivility,qwen3,50,2.0,0.5977011494252874,0.79,50.0,
theocharis_dynamics_incivility,qwen3,50,3.0,0.6030534351145038,0.792,50.0,
theocharis_dynamics_incivility,qwen3,50,4.0,0.5231788079470199,0.712,50.0,
theocharis_dynamics_incivility,qwen3,100,0.0,0.5891472868217055,0.788,100.0,
theocharis_dynamics_incivility,qwen3,100,1.0,0.6081081081081081,0.768,100.0,
theocharis_dynamics_incivility,qwen3,100,2.0,0.6158940397350994,0.768,100.0,
theocharis_dynamics_incivility,qwen3,100,3.0,0.6170212765957447,0.784,100.0,
theocharis_dynamics_incivility,qwen3,100,4.0,0.6109324758842444,0.758,100.0,
theocharis_dynamics_incivility,qwen3,250,0.0,0.6225165562913907,0.772,250.0,
theocharis_dynamics_incivility,qwen3,250,1.0,0.6032786885245902,0.758,250.0,
theocharis_dynamics_incivility,qwen3,250,2.0,0.6178343949044586,0.76,250.0,
theocharis_dynamics_incivility,qwen3,250,3.0,0.62,0.772,250.0,
theocharis_dynamics_incivility,qwen3,250,4.0,0.6035087719298246,0.774,250.0,
theocharis_dynamics_incivility,qwen3,500,0.0,0.6325878594249201,0.77,500.0,
theocharis_dynamics_incivility,qwen3,500,1.0,0.6479750778816199,0.774,500.0,
theocharis_dynamics_incivility,qwen3,500,2.0,0.6137931034482759,0.776,500.0,
theocharis_dynamics_incivility,qwen3,500,3.0,0.593103448275862,0.764,500.0,
theocharis_dynamics_incivility,qwen3,500,4.0,0.6645367412140575,0.79,500.0,
theocharis_dynamics_incivility,qwen3,1000,0.0,0.5913621262458472,0.754,1000.0,
theocharis_dynamics_incivility,qwen3,1000,1.0,0.6261980830670927,0.766,1000.0,
theocharis_dynamics_incivility,qwen3,1000,2.0,0.6226415094339622,0.76,1000.0,
theocharis_dynamics_incivility,qwen3,1000,3.0,0.61198738170347,0.754,1000.0,
theocharis_dynamics_incivility,qwen3,1000,4.0,0.6339869281045751,0.776,1000.0,
theocharis_dynamics_incivility,qwen3,2000,0.0,0.6289308176100629,0.764,2000.0,
theocharis_dynamics_incivility,qwen3,2000,1.0,0.6355140186915887,0.766,2000.0,
theocharis_dynamics_incivility,qwen3,2000,2.0,0.6415094339622641,0.772,2000.0,
theocharis_dynamics_incivility,qwen3,2000,3.0,0.6369426751592356,0.772,2000.0,
theocharis_dynamics_incivility,qwen3,2000,4.0,0.6439628482972136,0.77,2000.0,
toxicity_protests_es,qwen3,50,0.0,0.7610921501706485,0.72,50.0,
toxicity_protests_es,qwen3,50,1.0,0.6998087954110899,0.686,50.0,
toxicity_protests_es,qwen3,50,2.0,0.7378640776699029,0.676,50.0,
toxicity_protests_es,qwen3,50,3.0,0.7568493150684932,0.716,50.0,
toxicity_protests_es,qwen3,50,4.0,0.7457044673539519,0.704,50.0,
toxicity_protests_es,qwen3,100,0.0,0.8088235294117647,0.792,100.0,
toxicity_protests_es,qwen3,100,1.0,0.7827788649706457,0.778,100.0,
toxicity_protests_es,qwen3,100,2.0,0.7589928057553957,0.732,100.0,
toxicity_protests_es,qwen3,100,3.0,0.7977736549165121,0.782,100.0,
toxicity_protests_es,qwen3,100,4.0,0.777988614800759,0.766,100.0,
toxicity_protests_es,qwen3,250,0.0,0.8277153558052435,0.816,250.0,
toxicity_protests_es,qwen3,250,1.0,0.8410852713178295,0.836,250.0,
toxicity_protests_es,qwen3,250,2.0,0.8490566037735849,0.84,250.0,
toxicity_protests_es,qwen3,250,3.0,0.8423005565862709,0.83,250.0,
toxicity_protests_es,qwen3,250,4.0,0.8494208494208494,0.844,250.0,
toxicity_protests_es,qwen3,500,,,,,remainder smaller than requested size
toxicity_protests_es,qwen3,1000,,,,,remainder smaller than requested size
toxicity_protests_es,qwen3,2000,,,,,remainder smaller than requested size
brandt_gtd_attack_type,qwen3,50,0.0,0.35506018349328317,0.648,50.0,
brandt_gtd_attack_type,qwen3,50,1.0,0.40047307116540865,0.646,50.0,
brandt_gtd_attack_type,qwen3,50,2.0,0.38004350428376255,0.672,50.0,
brandt_gtd_attack_type,qwen3,50,3.0,0.38327492607153624,0.624,50.0,
brandt_gtd_attack_type,qwen3,50,4.0,0.3992356389590108,0.642,50.0,
brandt_gtd_attack_type,qwen3,100,0.0,0.46968476665399383,0.68,100.0,
brandt_gtd_attack_type,qwen3,100,1.0,0.3915642367097749,0.688,100.0,
brandt_gtd_attack_type,qwen3,100,2.0,0.4177563388483796,0.718,100.0,
brandt_gtd_attack_type,qwen3,100,3.0,0.41657588035263676,0.738,100.0,
brandt_gtd_attack_type,qwen3,100,4.0,0.4358020494047665,0.712,100.0,
brandt_gtd_attack_type,qwen3,250,0.0,0.4952729081227623,0.776,250.0,
brandt_gtd_attack_type,qwen3,250,1.0,0.46940717360335465,0.752,250.0,
brandt_gtd_attack_type,qwen3,250,2.0,0.4943689683298575,0.784,250.0,
brandt_gtd_attack_type,qwen3,250,3.0,0.4697415023038947,0.748,250.0,
brandt_gtd_attack_type,qwen3,250,4.0,0.4476614339265701,0.658,250.0,
brandt_gtd_attack_type,qwen3,500,0.0,0.5587017883535508,0.756,500.0,
brandt_gtd_attack_type,qwen3,500,1.0,0.5931721688649715,0.808,500.0,
brandt_gtd_attack_type,qwen3,500,2.0,0.5152542927261883,0.732,500.0,
brandt_gtd_attack_type,qwen3,500,3.0,0.5231430842145401,0.784,500.0,
brandt_gtd_attack_type,qwen3,500,4.0,0.5284517310962663,0.822,500.0,
brandt_gtd_attack_type,qwen3,1000,0.0,0.5537084610976483,0.794,1000.0,
brandt_gtd_attack_type,qwen3,1000,1.0,0.6560506391195579,0.824,1000.0,
brandt_gtd_attack_type,qwen3,1000,2.0,0.6768035557615143,0.84,1000.0,
brandt_gtd_attack_type,qwen3,1000,3.0,0.6332351140029614,0.766,1000.0,
brandt_gtd_attack_type,qwen3,1000,4.0,0.6253584938829819,0.836,1000.0,
brandt_gtd_attack_type,qwen3,2000,0.0,0.6769494649999603,0.838,2000.0,
brandt_gtd_attack_type,qwen3,2000,1.0,0.6223811725641677,0.834,2000.0,
brandt_gtd_attack_type,qwen3,2000,2.0,0.7001332022077746,0.83,2000.0,
brandt_gtd_attack_type,qwen3,2000,3.0,0.7082133106617398,0.838,2000.0,
brandt_gtd_attack_type,qwen3,2000,4.0,0.6570571062027026,0.806,2000.0,
haunss_papea_claims,qwen3,50,0.0,0.20032876076702294,0.34,50.0,
haunss_papea_claims,qwen3,50,1.0,0.19077929175696512,0.282,50.0,
haunss_papea_claims,qwen3,50,2.0,0.21545123517226666,0.332,50.0,
haunss_papea_claims,qwen3,50,3.0,0.22128935024019242,0.332,50.0,
haunss_papea_claims,qwen3,50,4.0,0.1910008000808207,0.29,50.0,
haunss_papea_claims,qwen3,100,0.0,0.2951795560066381,0.562,100.0,
haunss_papea_claims,qwen3,100,1.0,0.26173243497582327,0.538,100.0,
haunss_papea_claims,qwen3,100,2.0,0.2352661736118037,0.494,100.0,
haunss_papea_claims,qwen3,100,3.0,0.23043365377719713,0.53,100.0,
haunss_papea_claims,qwen3,100,4.0,0.2609633361354423,0.402,100.0,
haunss_papea_claims,qwen3,250,0.0,0.333413166870868,0.506,250.0,
haunss_papea_claims,qwen3,250,1.0,0.3608563507880692,0.602,250.0,
haunss_papea_claims,qwen3,250,2.0,0.2994688434112154,0.512,250.0,
haunss_papea_claims,qwen3,250,3.0,0.32185021257339225,0.504,250.0,
haunss_papea_claims,qwen3,250,4.0,0.3434178603578775,0.604,250.0,
haunss_papea_claims,qwen3,500,0.0,0.37717331140216975,0.612,500.0,
haunss_papea_claims,qwen3,500,1.0,0.3372985591233591,0.554,500.0,
haunss_papea_claims,qwen3,500,2.0,0.3727246012919431,0.626,500.0,
haunss_papea_claims,qwen3,500,3.0,0.3522218058858976,0.636,500.0,
haunss_papea_claims,qwen3,500,4.0,0.39656060929067594,0.588,500.0,
haunss_papea_claims,qwen3,1000,0.0,0.4015870938976494,0.638,1000.0,
haunss_papea_claims,qwen3,1000,1.0,0.45317619053714797,0.662,1000.0,
haunss_papea_claims,qwen3,1000,2.0,0.45066264477153684,0.678,1000.0,
haunss_papea_claims,qwen3,1000,3.0,0.4073441739818008,0.654,1000.0,
haunss_papea_claims,qwen3,1000,4.0,0.47520997957042405,0.68,1000.0,
haunss_papea_claims,qwen3,2000,0.0,0.4182244927992954,0.658,2000.0,
haunss_papea_claims,qwen3,2000,1.0,0.4944918811768618,0.69,2000.0,
haunss_papea_claims,qwen3,2000,2.0,0.48593953958160657,0.67,2000.0,
haunss_papea_claims,qwen3,2000,3.0,0.4413781654277204,0.674,2000.0,
haunss_papea_claims,qwen3,2000,4.0,0.5057518216020405,0.686,2000.0,
twitcivility_impoliteness,qwen3,50,0.0,0.3876651982378855,0.722,50.0,
twitcivility_impoliteness,qwen3,50,1.0,0.4594594594594595,0.76,50.0,
twitcivility_impoliteness,qwen3,50,2.0,0.49523809523809526,0.788,50.0,
twitcivility_impoliteness,qwen3,50,3.0,0.46794871794871795,0.668,50.0,
twitcivility_impoliteness,qwen3,50,4.0,0.48214285714285715,0.768,50.0,
twitcivility_impoliteness,qwen3,100,0.0,0.45918367346938777,0.788,100.0,
twitcivility_impoliteness,qwen3,100,1.0,0.5258620689655172,0.78,100.0,
twitcivility_impoliteness,qwen3,100,2.0,0.4588744588744589,0.75,100.0,
twitcivility_impoliteness,qwen3,100,3.0,0.44545454545454544,0.756,100.0,
twitcivility_impoliteness,qwen3,100,4.0,0.4899598393574297,0.746,100.0,
twitcivility_impoliteness,qwen3,250,0.0,0.48375451263537905,0.714,250.0,
twitcivility_impoliteness,qwen3,250,1.0,0.5725490196078431,0.782,250.0,
twitcivility_impoliteness,qwen3,250,2.0,0.5912408759124088,0.776,250.0,
twitcivility_impoliteness,qwen3,250,3.0,0.5637065637065637,0.774,250.0,
twitcivility_impoliteness,qwen3,250,4.0,0.5373134328358209,0.752,250.0,
twitcivility_impoliteness,qwen3,500,0.0,0.5818181818181818,0.77,500.0,
twitcivility_impoliteness,qwen3,500,1.0,0.5767790262172284,0.774,500.0,
twitcivility_impoliteness,qwen3,500,2.0,0.5622489959839357,0.782,500.0,
twitcivility_impoliteness,qwen3,500,3.0,0.5691699604743083,0.782,500.0,
twitcivility_impoliteness,qwen3,500,4.0,0.5289256198347108,0.772,500.0,
twitcivility_impoliteness,qwen3,1000,0.0,0.56,0.78,1000.0,
twitcivility_impoliteness,qwen3,1000,1.0,0.5670498084291188,0.774,1000.0,
twitcivility_impoliteness,qwen3,1000,2.0,0.5409836065573771,0.776,1000.0,
twitcivility_impoliteness,qwen3,1000,3.0,0.5668016194331984,0.786,1000.0,
twitcivility_impoliteness,qwen3,1000,4.0,0.5630252100840336,0.792,1000.0,
twitcivility_impoliteness,qwen3,2000,0.0,0.5970149253731343,0.784,2000.0,
twitcivility_impoliteness,qwen3,2000,1.0,0.6044776119402985,0.788,2000.0,
twitcivility_impoliteness,qwen3,2000,2.0,0.616600790513834,0.806,2000.0,
twitcivility_impoliteness,qwen3,2000,3.0,0.6060606060606061,0.792,2000.0,
twitcivility_impoliteness,qwen3,2000,4.0,0.6055776892430279,0.802,2000.0,
bestvater_wm_stance,qwen3,50,0.0,0.910411622276029,0.852,50.0,
bestvater_wm_stance,qwen3,50,1.0,0.9162011173184358,0.85,50.0,
bestvater_wm_stance,qwen3,50,2.0,0.9322617680826636,0.882,50.0,
bestvater_wm_stance,qwen3,50,3.0,0.920392584514722,0.854,50.0,
bestvater_wm_stance,qwen3,50,4.0,0.9066339066339066,0.848,50.0,
bestvater_wm_stance,qwen3,100,0.0,0.9325714285714286,0.882,100.0,
bestvater_wm_stance,qwen3,100,1.0,0.9110840438489647,0.854,100.0,
bestvater_wm_stance,qwen3,100,2.0,0.9099756690997567,0.852,100.0,
bestvater_wm_stance,qwen3,100,3.0,0.9193154034229829,0.868,100.0,
bestvater_wm_stance,qwen3,100,4.0,0.8968058968058968,0.832,100.0,
bestvater_wm_stance,qwen3,250,0.0,0.8812260536398467,0.814,250.0,
bestvater_wm_stance,qwen3,250,1.0,0.899876390605686,0.838,250.0,
bestvater_wm_stance,qwen3,250,2.0,0.9093137254901961,0.852,250.0,
bestvater_wm_stance,qwen3,250,3.0,0.9263657957244655,0.876,250.0,
bestvater_wm_stance,qwen3,250,4.0,0.9032258064516129,0.844,250.0,
bestvater_wm_stance,qwen3,500,0.0,0.9309090909090909,0.886,500.0,
bestvater_wm_stance,qwen3,500,1.0,0.9202453987730062,0.87,500.0,
bestvater_wm_stance,qwen3,500,2.0,0.9253012048192771,0.876,500.0,
bestvater_wm_stance,qwen3,500,3.0,0.921760391198044,0.872,500.0,
bestvater_wm_stance,qwen3,500,4.0,0.9267707082833133,0.878,500.0,
bestvater_wm_stance,qwen3,1000,0.0,0.9277845777233782,0.882,1000.0,
bestvater_wm_stance,qwen3,1000,1.0,0.918918918918919,0.868,1000.0,
bestvater_wm_stance,qwen3,1000,2.0,0.9307411907654921,0.886,1000.0,
bestvater_wm_stance,qwen3,1000,3.0,0.9168704156479217,0.864,1000.0,
bestvater_wm_stance,qwen3,1000,4.0,0.9133663366336634,0.86,1000.0,
bestvater_wm_stance,qwen3,2000,0.0,0.928136419001218,0.882,2000.0,
bestvater_wm_stance,qwen3,2000,1.0,0.9200492004920049,0.87,2000.0,
bestvater_wm_stance,qwen3,2000,2.0,0.9296116504854369,0.884,2000.0,
bestvater_wm_stance,qwen3,2000,3.0,0.9232643118148599,0.874,2000.0,
bestvater_wm_stance,qwen3,2000,4.0,0.9242053789731052,0.876,2000.0,
erlich_ati_topics,qwen3,50,0.0,0.3975921156194605,0.27,50.0,
erlich_ati_topics,qwen3,50,1.0,0.3873174249566081,0.32,50.0,
erlich_ati_topics,qwen3,50,2.0,0.4291676780997197,0.314,50.0,
erlich_ati_topics,qwen3,50,3.0,0.40396213926688057,0.27,50.0,
erlich_ati_topics,qwen3,50,4.0,0.426905300955221,0.31,50.0,
erlich_ati_topics,qwen3,100,0.0,0.4974323804319097,0.326,100.0,
erlich_ati_topics,qwen3,100,1.0,0.5027428463915218,0.364,100.0,
erlich_ati_topics,qwen3,100,2.0,0.4974945408401057,0.336,100.0,
erlich_ati_topics,qwen3,100,3.0,0.5092084474508287,0.338,100.0,
erlich_ati_topics,qwen3,100,4.0,0.49163895218139875,0.334,100.0,
erlich_ati_topics,qwen3,250,0.0,0.5309469040272458,0.35,250.0,
erlich_ati_topics,qwen3,250,1.0,0.5356325970669372,0.306,250.0,
erlich_ati_topics,qwen3,250,2.0,0.5712980645176634,0.358,250.0,
erlich_ati_topics,qwen3,250,3.0,0.544599751091447,0.326,250.0,
erlich_ati_topics,qwen3,250,4.0,0.5524155321125205,0.342,250.0,
erlich_ati_topics,qwen3,500,0.0,0.5533322011472548,0.316,500.0,
erlich_ati_topics,qwen3,500,1.0,0.6121186941973482,0.314,500.0,
erlich_ati_topics,qwen3,500,2.0,0.5723083916722149,0.316,500.0,
erlich_ati_topics,qwen3,500,3.0,0.5651390466925545,0.38,500.0,
erlich_ati_topics,qwen3,500,4.0,0.5704930644960341,0.362,500.0,
erlich_ati_topics,qwen3,1000,0.0,0.5954254751645148,0.388,1000.0,
erlich_ati_topics,qwen3,1000,1.0,0.5762227599521851,0.368,1000.0,
erlich_ati_topics,qwen3,1000,2.0,0.5978304586944211,0.352,1000.0,
erlich_ati_topics,qwen3,1000,3.0,0.5807541793508265,0.294,1000.0,
erlich_ati_topics,qwen3,1000,4.0,0.5866673838469323,0.336,1000.0,
erlich_ati_topics,qwen3,2000,0.0,0.6250990501609435,0.378,2000.0,
erlich_ati_topics,qwen3,2000,1.0,0.6122610956794498,0.358,2000.0,
erlich_ati_topics,qwen3,2000,2.0,0.6072268052630061,0.346,2000.0,
erlich_ati_topics,qwen3,2000,3.0,0.6147829125586177,0.34,2000.0,
erlich_ati_topics,qwen3,2000,4.0,0.6118203346657897,0.344,2000.0,
burnham_polnli_event_entailment,qwen3,50,0.0,0.9266547406082289,0.918,50.0,
burnham_polnli_event_entailment,qwen3,50,1.0,0.9343065693430657,0.928,50.0,
burnham_polnli_event_entailment,qwen3,50,2.0,0.9266409266409267,0.924,50.0,
burnham_polnli_event_entailment,qwen3,50,3.0,0.9345794392523364,0.93,50.0,
burnham_polnli_event_entailment,qwen3,50,4.0,0.9225225225225225,0.914,50.0,
burnham_polnli_event_entailment,qwen3,100,0.0,0.9640831758034026,0.962,100.0,
burnham_polnli_event_entailment,qwen3,100,1.0,0.9459459459459459,0.944,100.0,
burnham_polnli_event_entailment,qwen3,100,2.0,0.9345794392523364,0.93,100.0,
burnham_polnli_event_entailment,qwen3,100,3.0,0.9552238805970149,0.952,100.0,
burnham_polnli_event_entailment,qwen3,100,4.0,0.9384615384615385,0.936,100.0,
burnham_polnli_event_entailment,qwen3,250,0.0,0.9643527204502814,0.962,250.0,
burnham_polnli_event_entailment,qwen3,250,1.0,0.9514925373134329,0.948,250.0,
burnham_polnli_event_entailment,qwen3,250,2.0,0.9625468164794008,0.96,250.0,
burnham_polnli_event_entailment,qwen3,250,3.0,0.9606003752345216,0.958,250.0,
burnham_polnli_event_entailment,qwen3,250,4.0,0.9580152671755725,0.956,250.0,
burnham_polnli_event_entailment,qwen3,500,0.0,0.9584905660377359,0.956,500.0,
burnham_polnli_event_entailment,qwen3,500,1.0,0.9716446124763705,0.97,500.0,
burnham_polnli_event_entailment,qwen3,500,2.0,0.967984934086629,0.966,500.0,
burnham_polnli_event_entailment,qwen3,500,3.0,0.9678638941398866,0.966,500.0,
burnham_polnli_event_entailment,qwen3,500,4.0,0.9603024574669187,0.958,500.0,
burnham_polnli_event_entailment,qwen3,1000,0.0,0.967741935483871,0.966,1000.0,
burnham_polnli_event_entailment,qwen3,1000,1.0,0.969811320754717,0.968,1000.0,
burnham_polnli_event_entailment,qwen3,1000,2.0,0.9642184557438794,0.962,1000.0,
burnham_polnli_event_entailment,qwen3,1000,3.0,0.9716446124763705,0.97,1000.0,
burnham_polnli_event_entailment,qwen3,1000,4.0,0.9695817490494296,0.968,1000.0,
burnham_polnli_event_entailment,qwen3,2000,0.0,0.9734848484848485,0.972,2000.0,
burnham_polnli_event_entailment,qwen3,2000,1.0,0.9715370018975332,0.97,2000.0,
burnham_polnli_event_entailment,qwen3,2000,2.0,0.9771863117870723,0.976,2000.0,
burnham_polnli_event_entailment,qwen3,2000,3.0,0.9734848484848485,0.972,2000.0,
burnham_polnli_event_entailment,qwen3,2000,4.0,0.9753320683111955,0.974,2000.0,
burnham_trump_stance,qwen3,50,0.0,0.4071263869325321,0.474,50.0,
burnham_trump_stance,qwen3,50,1.0,0.38496083052288305,0.488,50.0,
burnham_trump_stance,qwen3,50,2.0,0.4284428721419247,0.466,50.0,
burnham_trump_stance,qwen3,50,3.0,0.41039958984132313,0.424,50.0,
burnham_trump_stance,qwen3,50,4.0,0.45600034885749174,0.478,50.0,
burnham_trump_stance,qwen3,100,0.0,0.5216941278856696,0.54,100.0,
burnham_trump_stance,qwen3,100,1.0,0.4972076959191547,0.53,100.0,
burnham_trump_stance,qwen3,100,2.0,0.46552100837871685,0.496,100.0,
burnham_trump_stance,qwen3,100,3.0,0.49237041567339973,0.53,100.0,
burnham_trump_stance,qwen3,100,4.0,0.4590648812740574,0.48,100.0,
burnham_trump_stance,qwen3,250,0.0,0.5027283071017409,0.53,250.0,
burnham_trump_stance,qwen3,250,1.0,0.5490798628301915,0.57,250.0,
burnham_trump_stance,qwen3,250,2.0,0.5692065069906721,0.584,250.0,
burnham_trump_stance,qwen3,250,3.0,0.548145421659228,0.57,250.0,
burnham_trump_stance,qwen3,250,4.0,0.5484471852396381,0.574,250.0,
burnham_trump_stance,qwen3,500,0.0,0.5397628807770549,0.558,500.0,
burnham_trump_stance,qwen3,500,1.0,0.5658625050239681,0.578,500.0,
burnham_trump_stance,qwen3,500,2.0,0.6028921359509317,0.624,500.0,
burnham_trump_stance,qwen3,500,3.0,0.5852218509982574,0.6,500.0,
burnham_trump_stance,qwen3,500,4.0,0.6036450874273854,0.622,500.0,
burnham_trump_stance,qwen3,1000,0.0,0.5908710801338487,0.606,1000.0,
burnham_trump_stance,qwen3,1000,1.0,0.6113045121699435,0.626,1000.0,
burnham_trump_stance,qwen3,1000,2.0,0.605501764345695,0.624,1000.0,
burnham_trump_stance,qwen3,1000,3.0,0.6295337934920001,0.644,1000.0,
burnham_trump_stance,qwen3,1000,4.0,0.6012202237176041,0.618,1000.0,
burnham_trump_stance,qwen3,2000,0.0,0.6325062475240742,0.65,2000.0,
burnham_trump_stance,qwen3,2000,1.0,0.6561010537691444,0.668,2000.0,
burnham_trump_stance,qwen3,2000,2.0,0.6378696212216532,0.65,2000.0,
burnham_trump_stance,qwen3,2000,3.0,0.6248948834673153,0.65,2000.0,
burnham_trump_stance,qwen3,2000,4.0,0.6316810033624193,0.642,2000.0,
dicocco_manifesto_populism,qwen3,50,0.0,0.0,0.918,50.0,
dicocco_manifesto_populism,qwen3,50,1.0,0.10909090909090909,0.902,50.0,
dicocco_manifesto_populism,qwen3,50,2.0,0.0,0.918,50.0,
dicocco_manifesto_populism,qwen3,50,3.0,0.24242424242424243,0.9,50.0,
dicocco_manifesto_populism,qwen3,50,4.0,0.0,0.906,50.0,
dicocco_manifesto_populism,qwen3,100,0.0,0.2711864406779661,0.914,100.0,
dicocco_manifesto_populism,qwen3,100,1.0,0.34285714285714286,0.908,100.0,
dicocco_manifesto_populism,qwen3,100,2.0,0.0425531914893617,0.91,100.0,
dicocco_manifesto_populism,qwen3,100,3.0,0.2807017543859649,0.918,100.0,
dicocco_manifesto_populism,qwen3,100,4.0,0.29473684210526313,0.866,100.0,
dicocco_manifesto_populism,qwen3,250,0.0,0.3076923076923077,0.82,250.0,
dicocco_manifesto_populism,qwen3,250,1.0,0.35514018691588783,0.862,250.0,
dicocco_manifesto_populism,qwen3,250,2.0,0.4772727272727273,0.908,250.0,
dicocco_manifesto_populism,qwen3,250,3.0,0.2,0.904,250.0,
dicocco_manifesto_populism,qwen3,250,4.0,0.2891566265060241,0.882,250.0,
dicocco_manifesto_populism,qwen3,500,0.0,0.5227272727272727,0.916,500.0,
dicocco_manifesto_populism,qwen3,500,1.0,0.4,0.844,500.0,
dicocco_manifesto_populism,qwen3,500,2.0,0.4146341463414634,0.904,500.0,
dicocco_manifesto_populism,qwen3,500,3.0,0.46464646464646464,0.894,500.0,
dicocco_manifesto_populism,qwen3,500,4.0,0.3595505617977528,0.886,500.0,
dicocco_manifesto_populism,qwen3,1000,0.0,0.4716981132075472,0.888,1000.0,
dicocco_manifesto_populism,qwen3,1000,1.0,0.4888888888888889,0.908,1000.0,
dicocco_manifesto_populism,qwen3,1000,2.0,0.44036697247706424,0.878,1000.0,
dicocco_manifesto_populism,qwen3,1000,3.0,0.3898305084745763,0.856,1000.0,
dicocco_manifesto_populism,qwen3,1000,4.0,0.44680851063829785,0.896,1000.0,
dicocco_manifesto_populism,qwen3,2000,0.0,0.4666666666666667,0.904,2000.0,
dicocco_manifesto_populism,qwen3,2000,1.0,0.49504950495049505,0.898,2000.0,
dicocco_manifesto_populism,qwen3,2000,2.0,0.4672897196261682,0.886,2000.0,
dicocco_manifesto_populism,qwen3,2000,3.0,0.49019607843137253,0.896,2000.0,
dicocco_manifesto_populism,qwen3,2000,4.0,0.5142857142857142,0.898,2000.0,
bestvater_kavanaugh_stance,qwen3,50,0.0,0.6911764705882353,0.664,50.0,
bestvater_kavanaugh_stance,qwen3,50,1.0,0.8151815181518152,0.776,50.0,
bestvater_kavanaugh_stance,qwen3,50,2.0,0.7755834829443446,0.75,50.0,
bestvater_kavanaugh_stance,qwen3,50,3.0,0.8054607508532423,0.772,50.0,
bestvater_kavanaugh_stance,qwen3,50,4.0,0.7867647058823529,0.768,50.0,
bestvater_kavanaugh_stance,qwen3,100,0.0,0.8150943396226416,0.804,100.0,
bestvater_kavanaugh_stance,qwen3,100,1.0,0.797752808988764,0.784,100.0,
bestvater_kavanaugh_stance,qwen3,100,2.0,0.7718631178707225,0.76,100.0,
bestvater_kavanaugh_stance,qwen3,100,3.0,0.8123861566484517,0.794,100.0,
bestvater_kavanaugh_stance,qwen3,100,4.0,0.8183361629881154,0.786,100.0,
bestvater_kavanaugh_stance,qwen3,250,0.0,0.8436911487758946,0.834,250.0,
bestvater_kavanaugh_stance,qwen3,250,1.0,0.8498168498168498,0.836,250.0,
bestvater_kavanaugh_stance,qwen3,250,2.0,0.8496503496503497,0.828,250.0,
bestvater_kavanaugh_stance,qwen3,250,3.0,0.8816029143897997,0.87,250.0,
bestvater_kavanaugh_stance,qwen3,250,4.0,0.8419117647058824,0.828,250.0,
bestvater_kavanaugh_stance,qwen3,500,0.0,0.8876611418047882,0.878,500.0,
bestvater_kavanaugh_stance,qwen3,500,1.0,0.8856088560885609,0.876,500.0,
bestvater_kavanaugh_stance,qwen3,500,2.0,0.8697247706422019,0.858,500.0,
bestvater_kavanaugh_stance,qwen3,500,3.0,0.88,0.868,500.0,
bestvater_kavanaugh_stance,qwen3,500,4.0,0.9131238447319778,0.906,500.0,
bestvater_kavanaugh_stance,qwen3,1000,0.0,0.8945454545454545,0.884,1000.0,
bestvater_kavanaugh_stance,qwen3,1000,1.0,0.8888888888888888,0.878,1000.0,
bestvater_kavanaugh_stance,qwen3,1000,2.0,0.9097605893186004,0.902,1000.0,
bestvater_kavanaugh_stance,qwen3,1000,3.0,0.8929889298892989,0.884,1000.0,
bestvater_kavanaugh_stance,qwen3,1000,4.0,0.915129151291513,0.908,1000.0,
bestvater_kavanaugh_stance,qwen3,2000,0.0,0.9239130434782609,0.916,2000.0,
bestvater_kavanaugh_stance,qwen3,2000,1.0,0.9291044776119403,0.924,2000.0,
bestvater_kavanaugh_stance,qwen3,2000,2.0,0.9185185185185185,0.912,2000.0,
bestvater_kavanaugh_stance,qwen3,2000,3.0,0.914179104477612,0.908,2000.0,
bestvater_kavanaugh_stance,qwen3,2000,4.0,0.9247706422018349,0.918,2000.0,
politicause_causal_relation,qwen3,50,0.0,0.4779874213836478,0.668,50.0,
politicause_causal_relation,qwen3,50,1.0,0.4689655172413793,0.692,50.0,
politicause_causal_relation,qwen3,50,2.0,0.40892193308550184,0.682,50.0,
politicause_causal_relation,qwen3,50,3.0,0.28936170212765955,0.666,50.0,
politicause_causal_relation,qwen3,50,4.0,0.4896551724137931,0.704,50.0,
politicause_causal_relation,qwen3,100,0.0,0.5222222222222223,0.656,100.0,
politicause_causal_relation,qwen3,100,1.0,0.5277044854881267,0.642,100.0,
politicause_causal_relation,qwen3,100,2.0,0.5,0.72,100.0,
politicause_causal_relation,qwen3,100,3.0,0.5016077170418006,0.69,100.0,
politicause_causal_relation,qwen3,100,4.0,0.5294117647058824,0.712,100.0,
politicause_causal_relation,qwen3,250,0.0,0.5822784810126582,0.736,250.0,
politicause_causal_relation,qwen3,250,1.0,0.6176470588235294,0.74,250.0,
politicause_causal_relation,qwen3,250,2.0,0.5084745762711864,0.71,250.0,
politicause_causal_relation,qwen3,250,3.0,0.5319148936170213,0.736,250.0,
politicause_causal_relation,qwen3,250,4.0,0.5369127516778524,0.724,250.0,
politicause_causal_relation,qwen3,500,0.0,0.6287262872628726,0.726,500.0,
politicause_causal_relation,qwen3,500,1.0,0.567741935483871,0.732,500.0,
politicause_causal_relation,qwen3,500,2.0,0.6123595505617978,0.724,500.0,
politicause_causal_relation,qwen3,500,3.0,0.6022099447513812,0.712,500.0,
politicause_causal_relation,qwen3,500,4.0,0.5875706214689266,0.708,500.0,
politicause_causal_relation,qwen3,1000,0.0,0.6129032258064516,0.76,1000.0,
politicause_causal_relation,qwen3,1000,1.0,0.6208791208791209,0.724,1000.0,
politicause_causal_relation,qwen3,1000,2.0,0.6376021798365122,0.734,1000.0,
politicause_causal_relation,qwen3,1000,3.0,0.5903614457831325,0.728,1000.0,
politicause_causal_relation,qwen3,1000,4.0,0.6295264623955432,0.734,1000.0,
politicause_causal_relation,qwen3,2000,0.0,0.6180758017492711,0.738,2000.0,
politicause_causal_relation,qwen3,2000,1.0,0.6625766871165644,0.78,2000.0,
politicause_causal_relation,qwen3,2000,2.0,0.6607669616519174,0.77,2000.0,
politicause_causal_relation,qwen3,2000,3.0,0.6586826347305389,0.772,2000.0,
politicause_causal_relation,qwen3,2000,4.0,0.6647058823529411,0.772,2000.0,
cap_party_platform_policy_topic,qwen3,50,0.0,0.35274224795677545,0.394,50.0,
cap_party_platform_policy_topic,qwen3,50,1.0,0.41803663298367766,0.456,50.0,
cap_party_platform_policy_topic,qwen3,50,2.0,0.36911949562749796,0.41,50.0,
cap_party_platform_policy_topic,qwen3,50,3.0,0.3916449049456789,0.428,50.0,
cap_party_platform_policy_topic,qwen3,50,4.0,0.37217987077667186,0.436,50.0,
cap_party_platform_policy_topic,qwen3,100,0.0,0.5277955434860682,0.592,100.0,
cap_party_platform_policy_topic,qwen3,100,1.0,0.4469749922359106,0.54,100.0,
cap_party_platform_policy_topic,qwen3,100,2.0,0.4849769025230051,0.548,100.0,
cap_party_platform_policy_topic,qwen3,100,3.0,0.40235546143367273,0.472,100.0,
cap_party_platform_policy_topic,qwen3,100,4.0,0.5119752077968676,0.566,100.0,
cap_party_platform_policy_topic,qwen3,250,0.0,0.5862292406444138,0.65,250.0,
cap_party_platform_policy_topic,qwen3,250,1.0,0.5735851640149273,0.626,250.0,
cap_party_platform_policy_topic,qwen3,250,2.0,0.6248248522698969,0.646,250.0,
cap_party_platform_policy_topic,qwen3,250,3.0,0.5914061127402818,0.666,250.0,
cap_party_platform_policy_topic,qwen3,250,4.0,0.6178064640003387,0.662,250.0,
cap_party_platform_policy_topic,qwen3,500,0.0,0.6577278852638619,0.71,500.0,
cap_party_platform_policy_topic,qwen3,500,1.0,0.6342454104707977,0.696,500.0,
cap_party_platform_policy_topic,qwen3,500,2.0,0.644549643856503,0.702,500.0,
cap_party_platform_policy_topic,qwen3,500,3.0,0.7011420803100177,0.708,500.0,
cap_party_platform_policy_topic,qwen3,500,4.0,0.6274584410149402,0.694,500.0,
cap_party_platform_policy_topic,qwen3,1000,0.0,0.6840776969673156,0.734,1000.0,
cap_party_platform_policy_topic,qwen3,1000,1.0,0.6767070330415237,0.732,1000.0,
cap_party_platform_policy_topic,qwen3,1000,2.0,0.6996621429215464,0.71,1000.0,
cap_party_platform_policy_topic,qwen3,1000,3.0,0.702037661322198,0.71,1000.0,
cap_party_platform_policy_topic,qwen3,1000,4.0,0.6715162602990773,0.73,1000.0,
cap_party_platform_policy_topic,qwen3,2000,0.0,0.7213402110529445,0.732,2000.0,
cap_party_platform_policy_topic,qwen3,2000,1.0,0.7317832717977975,0.744,2000.0,
cap_party_platform_policy_topic,qwen3,2000,2.0,0.7321045390370733,0.74,2000.0,
cap_party_platform_policy_topic,qwen3,2000,3.0,0.6775379394530223,0.732,2000.0,
cap_party_platform_policy_topic,qwen3,2000,4.0,0.7257545308626647,0.732,2000.0,
cap_crs_policy_topic,qwen3,50,0.0,0.5023549837511725,0.532,50.0,
cap_crs_policy_topic,qwen3,50,1.0,0.4506937014839937,0.492,50.0,
cap_crs_policy_topic,qwen3,50,2.0,0.42931718275364406,0.452,50.0,
cap_crs_policy_topic,qwen3,50,3.0,0.4796484358915847,0.536,50.0,
cap_crs_policy_topic,qwen3,50,4.0,0.4235345349917998,0.442,50.0,
cap_crs_policy_topic,qwen3,100,0.0,0.5047657804425928,0.524,100.0,
cap_crs_policy_topic,qwen3,100,1.0,0.46395722619078256,0.584,100.0,
cap_crs_policy_topic,qwen3,100,2.0,0.5796925829267062,0.648,100.0,
cap_crs_policy_topic,qwen3,100,3.0,0.5661410421301288,0.606,100.0,
cap_crs_policy_topic,qwen3,100,4.0,0.4995263688258997,0.592,100.0,
cap_crs_policy_topic,qwen3,250,0.0,0.7149262270392183,0.736,250.0,
cap_crs_policy_topic,qwen3,250,1.0,0.6573814849906704,0.698,250.0,
cap_crs_policy_topic,qwen3,250,2.0,0.7215878118996734,0.74,250.0,
cap_crs_policy_topic,qwen3,250,3.0,0.6405580770464324,0.664,250.0,
cap_crs_policy_topic,qwen3,250,4.0,0.6827534812589039,0.708,250.0,
cap_crs_policy_topic,qwen3,500,0.0,0.7121186865389247,0.74,500.0,
cap_crs_policy_topic,qwen3,500,1.0,0.739914484279886,0.768,500.0,
cap_crs_policy_topic,qwen3,500,2.0,0.7281083497560098,0.76,500.0,
cap_crs_policy_topic,qwen3,500,3.0,0.6874217209148898,0.728,500.0,
cap_crs_policy_topic,qwen3,500,4.0,0.6911961668543212,0.732,500.0,
cap_crs_policy_topic,qwen3,1000,0.0,0.7653059946452919,0.792,1000.0,
cap_crs_policy_topic,qwen3,1000,1.0,0.766855506567949,0.794,1000.0,
cap_crs_policy_topic,qwen3,1000,2.0,0.764772965820318,0.782,1000.0,
cap_crs_policy_topic,qwen3,1000,3.0,0.7448577921595013,0.776,1000.0,
cap_crs_policy_topic,qwen3,1000,4.0,0.7484130036801983,0.78,1000.0,
cap_crs_policy_topic,qwen3,2000,0.0,0.7936987430432516,0.824,2000.0,
cap_crs_policy_topic,qwen3,2000,1.0,0.7757018433471583,0.802,2000.0,
cap_crs_policy_topic,qwen3,2000,2.0,0.7894212597239838,0.814,2000.0,
cap_crs_policy_topic,qwen3,2000,3.0,0.7661830400275566,0.792,2000.0,
cap_crs_policy_topic,qwen3,2000,4.0,0.7896775691122702,0.814,2000.0,
agoraspeech_criticism_agenda,qwen3,50,0.0,0.8442499929204542,0.846,50.0,
agoraspeech_criticism_agenda,qwen3,50,1.0,0.8537512796763028,0.856,50.0,
agoraspeech_criticism_agenda,qwen3,50,2.0,0.8745429042700659,0.878,50.0,
agoraspeech_criticism_agenda,qwen3,50,3.0,0.8380291049239152,0.844,50.0,
agoraspeech_criticism_agenda,qwen3,50,4.0,0.8488660871838443,0.852,50.0,
agoraspeech_criticism_agenda,qwen3,100,0.0,0.8459573034723278,0.85,100.0,
agoraspeech_criticism_agenda,qwen3,100,1.0,0.8849043884312469,0.888,100.0,
agoraspeech_criticism_agenda,qwen3,100,2.0,0.869281045751634,0.874,100.0,
agoraspeech_criticism_agenda,qwen3,100,3.0,0.8766136307551651,0.878,100.0,
agoraspeech_criticism_agenda,qwen3,100,4.0,0.8363379476364299,0.842,100.0,
agoraspeech_criticism_agenda,qwen3,250,0.0,0.8951096412749732,0.898,250.0,
agoraspeech_criticism_agenda,qwen3,250,1.0,0.875489367608457,0.878,250.0,
agoraspeech_criticism_agenda,qwen3,250,2.0,0.8786878881987578,0.88,250.0,
agoraspeech_criticism_agenda,qwen3,250,3.0,0.8669698142414861,0.868,250.0,
agoraspeech_criticism_agenda,qwen3,250,4.0,0.8777386541471048,0.88,250.0,
agoraspeech_criticism_agenda,qwen3,500,0.0,0.8951096412749732,0.898,500.0,
agoraspeech_criticism_agenda,qwen3,500,1.0,0.8899647887323944,0.892,500.0,
agoraspeech_criticism_agenda,qwen3,500,2.0,0.8963545244298483,0.898,500.0,
agoraspeech_criticism_agenda,qwen3,500,3.0,0.8852063825251315,0.888,500.0,
agoraspeech_criticism_agenda,qwen3,500,4.0,0.891143161120445,0.894,500.0,
agoraspeech_criticism_agenda,qwen3,1000,0.0,0.8916912915711301,0.894,1000.0,
agoraspeech_criticism_agenda,qwen3,1000,1.0,0.8993587716019208,0.902,1000.0,
agoraspeech_criticism_agenda,qwen3,1000,2.0,0.8996193730512843,0.902,1000.0,
agoraspeech_criticism_agenda,qwen3,1000,3.0,0.9058241614255764,0.908,1000.0,
agoraspeech_criticism_agenda,qwen3,1000,4.0,0.9021909233176839,0.904,1000.0,
agoraspeech_criticism_agenda,qwen3,2000,0.0,0.8894457547169812,0.892,2000.0,
agoraspeech_criticism_agenda,qwen3,2000,1.0,0.9099187631027255,0.912,2000.0,
agoraspeech_criticism_agenda,qwen3,2000,2.0,0.9017295597484276,0.904,2000.0,
agoraspeech_criticism_agenda,qwen3,2000,3.0,0.8976349580712788,0.9,2000.0,
agoraspeech_criticism_agenda,qwen3,2000,4.0,0.8994908905927576,0.902,2000.0,
