source_id,text,gold
maven-valid-7399,"In the United States, much of the damage occurred due to tornadoes, especially in The Carolinas.",EVENT
maven-valid-3372,"The Pike River Mine incident ranks as New Zealand's worst mining disaster since 1914, when 43 men died at Ralph's Mine in Huntly.",EVENT
maven-valid-6931,"From the 19th century onwards, the revolt has been mythologized by various Spaniards, generally liberals who drew political inspiration from it.",EVENT
maven-valid-99,"The Dakota Sioux, and later the Ojibwe, tribes hunted and gathered pelts trading with French, British, and later American traders at Grand Portage, Mendota, and other sites.",EVENT
maven-valid-6609,"In December 1989, former government minister Charles Taylor moved into the country from neighboring Ivory Coast to start an uprising meant to topple the Doe government.",EVENT
maven-valid-586,"They formed part of the foreshock sequence for the 1960 Valdivia earthquake, the largest recorded earthquake in history.",EVENT
maven-valid-7947,"Dortmund were the reigning champions, having beaten Bayern 4–2 in 2013, although the season before, Bayern beat Dortmund 2–1.",EVENT
maven-valid-4088,This invasion and Iraq's subsequent refusal to withdraw from Kuwait by a deadline mandated by the United Nations led to military intervention by a United Nations-authorized coalition of forces led by the United States.,EVENT
maven-valid-3325,"However, Matthias seized his brother at the request of the Protestant Bohemians, only releasing him once he abdicated his Bohemian crown to Matthias.",EVENT
maven-valid-1750,Police forces arrived 90 minutes later and were able to take back the building by 15:30.,EVENT
maven-valid-5574,"In some areas of the city, the floods reached over one-story deep, inundating cars and causing about NT$3 billion (New Taiwan dollar, US$93.75 million) in industrial damage.",EVENT
maven-valid-5696,"The aircraft suffered a deep stall in the third minute of its flight and crashed to the ground, narrowly missing a busy main road.",EVENT
maven-valid-747,"The Civil War was won by the Free State forces, who benefitted from substantial quantities of weapons provided by the British Government.",EVENT
maven-valid-6183,"In the final, Uganda (A) captained by George Ssimwogerere of Express, won 2–0.",EVENT
maven-valid-1768,India celebrates its Navy Day annually on 4 December to mark this operation.,EVENT
maven-valid-4031,"Across the remainder of the southeast United States, several inches of rainfall led to flash flooding, damage to roadways, and major tree damage.",EVENT
maven-valid-6685,"The war, considered a Cold War-era proxy war by some, lasted 19 years, with direct U.S. involvement ending in 1973, and included the Laotian Civil War and the Cambodian Civil War, resulting in all three countries becoming communist in 1975.",EVENT
maven-valid-1696,Denny was awarded the Spirit of London Awards ‘Achievement in The Arts in December 2012.,EVENT
maven-valid-7654,"Previously, Thailand also hosted the 1981 inaugural games and the 1988 games.",EVENT
maven-valid-4883,De Grasse hastily prepared most of his fleet for battle—24 ships of the line—and sailed out to meet him.,EVENT
maven-valid-5107,"With speed down to a crawl the 'home' signal was lowered, the driver assumed, wrongly, that with no other fixed signals to Cherry Tree Lane his route was clear and speed gradually rose.",EVENT
maven-valid-6620,One battle that was crucial to Montenegro's victory in the war was the Battle of Vučji Do.,EVENT
maven-valid-1533,Arsenal's victory was their first against Chelsea in over three years and manager Arsène Wenger's first over José Mourinho in 14 attempts.,EVENT
maven-valid-6118,The tour moved on to Europe for two dates at the end of the year.,EVENT
maven-valid-5207,In the men's division a round robin tournament was played with each team playing the other once in order to rank the sides.,EVENT
maven-valid-3821,"The action of November 1811 was the result of the British interception of a French military convoy traveling from Corfu to Trieste with a consignment of cannon, and resulted in a British victory, only one French ship escaping capture by the British force.",EVENT
maven-valid-6192,Hybrid Theory World Tour was the first concert tour by American nu metal band Linkin Park.,EVENT
maven-valid-1117,The hurricane accelerated to the north and absorbed a dissipating Karen on September 3.,EVENT
maven-valid-6173,"Tanzania were also banned from international football by FIFA, the world football governing body.",EVENT
maven-valid-2989,These unresolved issues led directly to a second civil war in Libya.,EVENT
maven-valid-5149,"Headed by Major Allan Wilson, the patrol was attacked just north of the Shangani River in Matabeleland, Rhodesia.",EVENT
maven-valid-5236,Three civilians were killed and 185 people were injured.,EVENT
maven-valid-8035,The 2014 SAFF Women's Championship was an association football tournament for women's national teams organised by the South Asian Football Federation (SAFF).,EVENT
maven-valid-3945,The inquest found that the accident was due to metal fatigue of two bolts in the elevator system.,EVENT
maven-valid-5368,"Eight passengers died at the scene and seventeen were injured seriously, one of whom died later in hospital.",EVENT
maven-valid-1571,"The Central Bureau of Investigation, the main Indian investigative agency, believes that the violence was organised with support from the Delhi police and some central-government officials.",EVENT
maven-valid-289,"Slowly organizing, the system was recognized as a tropical cyclone after gaining tropical characteristics on 30 January, christened with the name Winifred the same day.",EVENT
maven-valid-340,"Kenyan runners dominated the competition, taking all four individual titles and all four team titles at the competition.",EVENT
maven-valid-7949,The match took place on 13 August 2014 at Signal Iduna Park in Dortmund.,EVENT
maven-valid-3057,"The Alexisonfire Farewell Tour was a concert tour by Canadian post-hardcore band Alexisonfire, taking place in December 2012.",EVENT
maven-valid-6629,"It executed a small loop, and while doing so intensified into Tropical Storm Mitch.",EVENT
maven-valid-606,"There are conflicting reports about the number killed in the attack, since part of the mall collapsed due to a fire that started during the siege.",EVENT
maven-valid-2743,"Founded and run by the Lebanese-born entrepreneur Charles Khabouth, INK currently owns and operates Toronto's Product nightclub, Dragonfly nightclub (on Niagara Fallsview Casino Resort grounds), Cube nightclub and La Société restaurant.",EVENT
maven-valid-6767,Cyclone Hudah was a powerful and destructive tropical cyclone that affected Southeast Africa in April 2000.,EVENT
maven-valid-5137,"The adjacent apartments were used as the athlete's quarters and was converted into a ""BLISS"" housing project of First Lady Imelda Marcos.",EVENT
maven-valid-6880,"The 2010 Bratislava shooting, or Devínska Nová Ves shooting, occurred on 30 August 2010, when seven people were killed and at least 17 were injured by a lone gunman who opened fire in Devínska Nová Ves district in a suburb of the Slovak capital, Bratislava.",EVENT
maven-valid-6185,The 2006–07 Australian bushfire season was one of the most extensive bushfire seasons in Australia's history.,EVENT
maven-valid-1416,"After the premiere show in Moscow, ""Photographer of Dreams"" rolled off the cities of Russia and Ukraine, visited Germany, the US and Israel.",EVENT
maven-valid-6408,"It was also the first tour to feature Springsteen's future wife, Patti Scialfa.",EVENT
maven-valid-6320,"Turning to the south, intensification began in earnest and the system acquired hurricane-force winds within 48 hours of being named.",EVENT
maven-valid-7954,"It is frequently listed as the third deadliest earthquake in history, following on from the Shensi and Tangshan earthquakes in China.",EVENT
maven-valid-2851,"This battle saw the first use of the newly invented self-propelled torpedo which, at the time, had just entered limited service with the Royal Navy.",EVENT
maven-valid-3055,"In the following days, both Touré and coup leader Amadou Sanogo formally resigned; however, as of 16 May, the junta was still ""widely thought to have maintained overall control"".",EVENT
maven-valid-5223,"It followed the capture in August 1704 of the fortified town of Gibraltar, at the southern tip of Spain, by an Anglo–Dutch naval force led by Sir George Rooke and Prince George of Hesse-Darmstadt.",EVENT
maven-valid-2955,"After three years of standstill and a more severe incident in which a French ship carrying an ambassador to the dey with a proposal for negotiations was bombarded, the French determined that more forceful action was required.",EVENT
maven-valid-2637,"Popular recurring events include public access to selected buildings similar to Doors Open Days; vintage transport, including visits to the historic Ballarat railway station by Steamrail Victoria locomotives (Y112), vintage bus rides, double decker buses, vintage car displays, horse and cart and use of Ballarat's preserved vintage tramway at the Ballarat Botanical Gardens; actors in period garb; architecture and history walking tours; and exhibits of private and public paraphernalia collections; theatrical performance; and trade displays for heritage organisations.",EVENT
maven-valid-4095,"Polish Crown forces under Stefan Czarniecki besieged the town of Stavyshche (Stawiszcze), which at that time belonged to Polish-Lithuanian Commonwealth’s Kiev Voivodeship.",EVENT
maven-valid-4822,It ran in parallel with the 2015–17 ICC World Cricket League Championship but with slightly different teams.,EVENT
maven-valid-2587,The conflicts were triggered by the constant Dacian threat on the Danubian province of Moesia and also by the increasing need for resources of the economy of the Empire.,EVENT
maven-valid-5063,The Battle of Harlaw () was a Scottish clan battle fought on 24 July 1411 just north of Inverurie in Aberdeenshire.,EVENT
maven-valid-3512,"The Upper Canada Rebellion was largely defeated shortly after it began, although resistance lingered until 1838 (and became more violent) - mainly through the support of the Hunters' Lodges, a secret anti-British, US-based militia that emerged around the Great Lakes, and launched the Patriot War in 1838-39.",EVENT
maven-valid-3251,"Although heavy waves were able to reach the Mexican coastline, no damages or casualties were reported in relation to the hurricane.",EVENT
maven-valid-7217,"10 military personnel, including 2 Air Force officers, were killed in the attack and 22 were wounded.",EVENT
maven-valid-646,"In consequence of the heavy losses the British force had suffered, reinforcements were hastily rushed to the area and became individual targets for the larger French squadron blockading the British base at Île Bourbon.",EVENT
maven-valid-4306,These ships were soon joined by French Navy frigates and began to inflict losses on shipping in the region.,EVENT
maven-valid-2707,Eight professional wrestling matches were scheduled on the event's card and one pre-show match was streamed on YouTube.,EVENT
maven-valid-5873,"The second leg was marred by violence, and resulted in George Best and José Hugo Medina being sent off as a result of a large scuffle towards the end of the match.",EVENT
maven-valid-581,The final report concluded that the cause of the crash was due to engine failure on take-off.,EVENT
maven-valid-6224,Sweden won the tournament.,EVENT
maven-valid-7789,Several French and British military ships were damaged out at sea.,EVENT
maven-valid-6120,"The tour came to an end on 14 December 2005 in Zürich, Switzerland.",EVENT
maven-valid-3469,"(For background information on Syria's involvement in Lebanese politics, see the articles Syrian occupation of Lebanon and the Lebanese Civil War.)",EVENT
maven-valid-7035,Caroline was upgraded to a tropical storm on August 29 in the central Gulf of Mexico before rapid intensification began.,EVENT
maven-valid-5494,"The Republic resisted this incursion; but, left without allies and betrayed by many of the mercenaries in her employ, Florence was unable to keep fighting indefinitely.",EVENT
maven-valid-4171,This gave him a five shot lead over Bob Kirk.,EVENT
maven-valid-5889,"Jack was deported to the island of Saint Lucia after the rebellion following a clemency plea by Sir John Gladstone, the owner of ""Success"" plantation.",EVENT
maven-valid-4331,"An estimated 500,000 people evacuated coastal areas accordingly.",EVENT
maven-valid-4475,"The nonviolent revolution led to the departure of Ferdinand Marcos, the end of his 21-year presidential rule, and the restoration of democracy in the Philippines.",EVENT
maven-valid-6610,"Taylor's forces, the National Patriotic Front of Liberia (NPFL) battled against Prince Johnson's rebel group, the Independent National Patriotic Front of Liberia (INPFL) – a faction of NPFL – for control in Monrovia.",EVENT
maven-valid-7367,"Betsy's strong storm surge inundated large portions of the Florida Keys, flooding streets and causing widespread damage.",EVENT
maven-valid-4527,"Another committee in the House of Representatives decided to investigate the exposé, while other house members spearheaded a move to impeach the president.",EVENT
maven-valid-1007,"High speed was not a factor in the accident, however, since neither train was moving faster than , a moderate speed for a passenger train.",EVENT
maven-valid-6086,"The album marked Abreu's first studio album in three years, following her fourth album ""Rush"".",EVENT
maven-valid-7255,"The storm continued inland, passing directly over Ciudad Obregón before dissipating south-southeast of Sierra Vista, Arizona.",EVENT
maven-valid-7701,Danylo Nechay was killed in battle.,EVENT
maven-valid-4303,"The Sunda Strait campaign of January 1794 was a series of manoeuvres and naval actions fought between warships and privateers of the French Republic and a squadron of vessels sent by the British East India Company to protect trade in the region, later augmented by Dutch warships.",EVENT
maven-valid-4898,"Bayern then beat Basel, Marseille and Real Madrid to reach the final, while Chelsea knocked out Napoli, Benfica and defending champions Barcelona.",EVENT
maven-valid-1629,"Teams representing 36 countries participated in several levels of competition, while three other teams competed in an exhibition tournament to gain experience before joining on an official basis in the 1998 competition.",EVENT
maven-valid-1793,The Open Championship was created to determine his successor.,EVENT
maven-valid-4273,"In the northern city of Kirkuk a car parked in the parking lot of a local security office exploded, killing 13 and leaving almost 60 wounded.",EVENT
maven-valid-1760,Band members Billy Gibbons and Dusty Hill wore rhinestone suits designed by Nudie Cohn.,EVENT
maven-valid-5719,"This season featured only one weight class, lightweights (146–155 lb) and the fighters were divided into two teams; one coached by former UFC Lightweight Champion Jens Pulver and the other by former UFC Welterweight Champion and former lightweight champion B.J.",EVENT
maven-valid-7808,"Being the leading producer of vegetables in Ontario, the Norfolk County Fair helps to demonstrate the best of Norfolk County's produce to the rest of the province.",EVENT
maven-valid-5604,"Half of the rear guard were trapped against the river and forced to surrender, others were cut down by Imperial French sabers.",EVENT
maven-valid-4590,"The riots were orchestrated by the Tactical Mobilisation Group, the special operations unit of the Turkish Army set up as Operation Gladio's Turkish branch; the Counter-Guerrilla (another Operation Gladio-related organisation), and the National Security Service, the precursor of today's National Intelligence Organisation.",EVENT
maven-valid-2775,"In the Saar Offensive in September, the French attacked Germany with the intention of assisting Poland, but it fizzled out within days and they withdrew.",EVENT
maven-valid-6770,"Moving westward as the result of a strong subtropical ridge to its south, the storm quickly intensified, and reached Category 2 cyclone intensity on March 25 before entering the Southwest Indian cyclone basin.",EVENT
maven-valid-750,Operation Deny Flight was a North Atlantic Treaty Organization (NATO) operation that began on 12 April 1993 as the enforcement of a United Nations (UN) no-fly zone over Bosnia and Herzegovina.,EVENT
maven-valid-3995,"In 1810, after being discovered, Querétaro conspirators chose to take up arms on September 16 in the company of peasants and indigenous inhabitants of Dolores (Guanajuato).",EVENT
maven-valid-4290,Another landfall occurred in Cuba early the next day to the south of Güines.,EVENT
maven-valid-4458,"Furthermore, the policy of the new government towards the war effort was one of fulfilling obligations towards Russia's allies, as opposed to fighting for the sake of total victory, thus giving soldiers a less credible motivation to fight.",EVENT
maven-valid-2522,"FunnyFest produces approximately 125 comedy events, seminars, talent development opportunities and workshops per annum.",EVENT
maven-valid-6795,"The crossings had been contested before: in 1678 during the French-Dutch war, in 1703 during the War of the Spanish Succession, in 1733 during the War of the Polish Succession, and earlier in Battle of Kehl, when the French crossed into the German states on 23–24 June.",EVENT
maven-valid-5155,"However, the Shangani had risen significantly in flood, and Forbes was himself involved in a skirmish near the southern bank; Wilson and his men therefore remained isolated to the north.",EVENT
maven-valid-6642,"Mitch accelerated to the northeast ahead of a cold front, moving across the Yucatán Peninsula before striking southwestern Florida on November 5.",EVENT
maven-valid-5425,"Rammasun had destructive impacts across the Philippines, South China, and Vietnam in July 2014.",EVENT
maven-valid-4799,"Sun Huashan, deputy head of the State Administration of Work Safety, said that it was ""the most serious accident to hit China's steel industry since 1949.""",EVENT
maven-valid-625,Investigators found that the forged documents used by the perpetrators of the attack were facilitated by a man with ties to Hezbollah.,EVENT
maven-valid-3757,"At that point, the Edinburgh and Glasgow Railway passes through a cutting on a curve.",EVENT
maven-valid-61,Notes: The 81' Jam was only held in Houston that year because of the intense Summer heat in Tx.,EVENT
maven-valid-2067,"Marked, albeit localized, damage to banana crops was also reported in Jamaica, where strong winds toppled numerous trees.",EVENT
maven-valid-1082,The actions of Johnson & Johnson to reduce deaths and warn the public of poisoning risks have been widely praised as an exemplary public relations response to such a crisis.,EVENT
maven-valid-50,"TKO was managed by the same management as Heart at the time, which is the reason for their appearance on the bill.",EVENT
maven-valid-4451,It took place in July 1917.,EVENT
maven-valid-6993,"In 1651, Oliver Cromwell captured the castle during his invasion of Scotland.",EVENT
maven-valid-5439,Moderate to heavy rainfall was predicted through most of the country.,EVENT
maven-valid-3418,"While some Spanish Americans believed that independence was necessary, most who initially supported the creation of the new governments saw them as a means to preserve the region's autonomy from the French.",EVENT
maven-valid-7660,"India Is is a series of photography and video challenges organized by the Public Diplomacy Division (PDD) of the Ministry of External Affairs (MEA), Government of India.",EVENT
maven-valid-5133,"Philippines is the sixth nation to host the Southeast Asian Games after Thailand, Burma, Malaysia, Singapore and Indonesia.",EVENT
maven-valid-964,The austerity measures were designed in part by Ceaușescu to repay foreign debts.,EVENT
maven-valid-353,"The First Javanese War of Succession was a struggle between Sultan Amangkurat III of Mataram and the Dutch East India Company who supported the claim of the Sultan's uncle, Pangeran Puger to the throne.",EVENT
maven-valid-4998,Kiram III stated that their objective was to assert the unresolved territorial claim of the Philippines to eastern Sabah (the former North Borneo).,EVENT
maven-valid-2155,"The Island of Hawai'i was divided into several districts, Moloka'i, Lana'i, and Kaho'olawe were united under Maui, O'ahu was independent, and Kauai ruled Ni'ihau.",EVENT
maven-valid-4814,"The Syrian government has denied that the bombardment is indiscriminate and blamed ""armed groups"" for the civilian deaths, including the deaths of foreign journalists.",EVENT
maven-valid-969,"They were convicted on all charges, sentenced to death, and immediately executed on Christmas Day 1989, and to this day, are the last people to be condemned to death and executed in Romania.",EVENT
maven-valid-1607,"In 2012, Argentina's Pumas joined this competition, which was rebranded as The Rugby Championship.",EVENT
maven-valid-618,"In February 2013, Tsvetan Tsvetanov, the Bulgarian Interior Minister, said there was ""well-grounded"" evidence that Hezbollah was behind the attack.",EVENT
maven-valid-5315,"Acting quickly before all ALP parliamentarians became aware of the change of government, Fraser and his allies were able to secure passage of the appropriation bills, and Kerr dissolved Parliament for a double dissolution election.",EVENT
maven-valid-3431,A more direct cause of the Spanish American wars of independence were the unique developments occurring within the Kingdom of Spain and its monarchy during this era.,EVENT
maven-valid-2735,"This tour included the song ""Jump"" in the set list.",EVENT
maven-valid-1920,"Whether he died in battle, or as a result of wounds suffered in battle is unclear.",EVENT
maven-valid-3901,"That day a hurricane hunters flight reported a gust of , which was the highest recorded at the time.",EVENT
maven-valid-2571,"The Ottomans attempted to intervene against the Portuguese presence, and four Ottoman ships bombarded the city in 1546.",EVENT
maven-valid-1944,Tickets were sold up until the point the event was canceled.,EVENT
maven-valid-7284,"In mid-January, right-wing activists were admitted to membership in a coalition government.",EVENT
maven-valid-3997,"After 1810 the independence movement went through several stages, as leaders were imprisoned or executed by forces loyal to Spain.",EVENT
maven-valid-6290,"Following the disaster, Walker abandoned the expedition's objectives and returned to England.",EVENT
maven-valid-390,"On August 21, 2011, an informal ceasefire was called by Israel and Hamas after days of escalating violence in which fifteen Palestinians were killed and many were wounded.",EVENT
maven-valid-5031,The festival takes place over six days and nights from 27 December to 1 January each year.,EVENT
maven-valid-2622,"First publicly disclosed by Google on January 12, 2010, in a blog post, the attacks began in mid-2009 and continued through December 2009.",EVENT
maven-valid-7481,It was widely believed that the ouster of Ningkan was a result of interference by the Malaysian federal government due to him being a strong advocate of greater state autonomy.,EVENT
maven-valid-3075,"After a short hand-to-hand fight (the Polish unit had only two pieces of firearms and was mostly equipped with sabres, war scythes and improvised weapons), the Russian commander was killed and his unit dispersed.",EVENT
maven-valid-7975,"Throughout its existence, the festival featured iconic rock acts such as Megadeth, Machine Head, Iron Maiden, Biffy Clyro, and Metallica.",EVENT
maven-valid-5015,Lidia dissipated near Austin on September 14 and was later absorbed by a cold front.,EVENT
maven-valid-7113,"It was the 134th edition of the US Open, the fourth and final Grand Slam event of the year.",EVENT
maven-valid-7075,"Devil Anse Hatfield was a suspect at first, but was later confirmed to have been sick at home at the time of the murder.",EVENT
maven-valid-1097,The Chelyabinsk meteor is also the only meteor confirmed to have resulted in a large number of injuries.,EVENT
maven-valid-1512,"Fought by the Parliamentarians, commanded by Sydnam Poyntz, and the Royalists under the personal command of King Charles I, it was a significant defeat for the Royalists, with heavy losses and Charles prevented from relieving the Siege of Chester.",EVENT
maven-valid-1751,"Five trainees, two instructors and a passer-by were killed.",EVENT
maven-valid-737,The promise to end Russia's participation in the First World War was honored promptly with the Bolshevik leaders signing the Treaty of Brest-Litovsk with Germany in March 1918.,EVENT
maven-valid-5802,Several British officers were court-martialed and expelled from the Navy for their poor performance against the enemy.,EVENT
maven-valid-4820,"The 2015–17 ICC Intercontinental Cup was the seventh edition of the ICC Intercontinental Cup, an international first-class cricket tournament between leading associate members of the International Cricket Council (ICC).",EVENT
maven-valid-3603,"Responsibility for the miscommunication has remained controversial, as the order was vague and Louis Edward Nolan delivered the written orders with some verbal interpretation, then died in the first minute of the assault.",EVENT
maven-valid-714,Athens further consolidated their position by making Aegina a member of the Delian League and by ravaging the Peloponnese.,EVENT
maven-valid-4861,"The Battle of Radom, also known as the Battle of Iłża, was part of the Invasion of Poland during the Second World War.",EVENT
maven-valid-1887,The British government declared martial law in much of southern Ireland.,EVENT
maven-valid-2831,"The Lithuanians, not knowing the membership of the PMO, arrested numerous Polish activists and destabilized the PMO network enough to prevent the coup attempt.",EVENT
maven-valid-7657,"The final medal tally was led by host Thailand, followed by Indonesia and Malaysia.",EVENT
maven-valid-7863,It was the 35th running of the annual mass-participation marathon race and the third World Marathon Major of the year.,EVENT
maven-valid-4622,Delays in restoring power led to the resignation of the chief operating officer of Connecticut Light & Power amid widespread criticism of the company's mishandling of both the nor'easter and Irene.,EVENT
maven-valid-1411,"In the form of decorations on the stage, there were three huge screens, framed by intricate attributes, thereby giving the camera view.",EVENT
maven-valid-7300,"Tehrik-i-Taliban Pakistan and al-Qaeda claimed responsibility, saying they helped al-Balawi with the attack.",EVENT
maven-valid-2924,"The Battle of the Atlantic pitted U-boats and other warships of the ""Kriegsmarine"" (Navy) and aircraft of the ""Luftwaffe"" (Air Force) against the Royal Canadian Navy, Royal Navy, United States Navy, and Allied merchant shipping.",EVENT
maven-valid-7498,"Of the total of 2,700 km², 1,500 km² (370,000 acres) were burnt forests in Southern Greece alone.",EVENT
maven-valid-2692,66 victims required hospitalization with the remainder treated and released at the scene.,EVENT
maven-valid-7363,"For the island chain, Betsy was considered the worst hurricane since a tropical cyclone impacted the region in 1929.",EVENT
maven-valid-2626,Official Chinese sources claimed this was part of a strategy developed by the U.S. government.,EVENT
maven-valid-1984,"These efforts were not particularly well received because in the 1980 presidential election, PATCO refused to back President Jimmy Carter, instead endorsing Republican Party candidate Ronald Reagan.",EVENT
maven-valid-4505,"The deported farmers received financial help from the Polish government and took over homes and farms left behind by the Germans, in some cases experiencing an improvement in their living conditions as a result of the increased size of the newly acquired properties, their brick construction, and the provision of running water.",EVENT
maven-valid-4641,"Numerous Australian Army and State Emergency Service (SES) personnel were involved in cleanup and recovery efforts after the cyclone's passage, while power and water service was restored to those cut off during the storm.",EVENT
maven-valid-4857,Audiences at Stage 5 can usually expect to hear typical acoustic string instruments.,EVENT
maven-valid-813,"The following day, Alan reached its estimated peak intensity with 10-minute maximum sustained wind speeds of , posing several forecasting challenges due to difficulties in establishing its location and intensity.",EVENT
maven-valid-4649,Operation Rösselsprung (Knight's move) was a combined airborne and ground assault by the German XV Mountain Corps and their allies on the Supreme Headquarters of the Yugoslav Partisans located in the Bosnian town of Drvar in the Independent State of Croatia during World War II.,EVENT
maven-valid-6441,"The Abkhazian Revolution took place in 2014, when President Aleksandr Ankvab resigned after hundreds of demonstrators stormed his office.",EVENT
maven-valid-657,"Bruce's men proceeded to kill those loyal to the Comyns, destroying their homes, farms, crops and slaughtering their cattle.",EVENT
maven-valid-3915,"In the Straits of Florida, Inez capsized a boat of Cuban refugees, killing 45 people.",EVENT
maven-valid-1810,"In late June 2008, the parties agreed to divide the 26 nominated seats in the Constituent Assembly between nine parties: the CPN (M) was to receive nine of these seats, while the Nepali Congress (NC) and the Communist Party of Nepal (Unified Marxist-Leninist) (CPN (UML)) (which respectively placed second and third in the election) would each receive five, the Madhesi Janadhikar Forum would receive two, and the Sadbhavana Party, the Nepal Workers and Peasants Party, Janamorcha Nepal, and the Communist Party of Nepal (Marxist-Leninist) would each receive one nominated seat.",EVENT
maven-valid-5273,Within both Niue and the Southern Cook Islands only minor damage to crops and structures was reported.,EVENT
maven-valid-6799,"On 18 September 1796, the Austrians temporarily acquired control of the ""tête-du-ponts"" (bridgeheads) joining Kehl and Strasbourg until a strong French counter-attack forced them to retreat, leaving the French in control of the bridges but the Austrians in control of the territory surrounding them.",EVENT
maven-valid-5163,"The roots of the Arab–Israeli conflict are attributed to the rise of Zionism and Arab nationalism towards the end of the 19th century, though the two national movements had not clashed until the 1920s.",EVENT
maven-valid-2808,"The summits were not meant to be linked formally with wider international institutions; and in fact, a mild rebellion against the stiff formality of other international meetings was a part of the genesis of cooperation between France's President Giscard d'Estaing and Germany's Chancellor Helmut Schmidt as they conceived the initial summit of the Group of Six (G6) in 1975.",EVENT
maven-valid-3916,"In the northern Gulf of Mexico, a helicopter crashed after carrying evacuees from an oil rig, killing 11 people.",EVENT
maven-valid-495,It is the largest state fair in the United States by average daily attendance.,EVENT
maven-valid-2812,"Due to the remote location of the mainshock and a series of strong aftershocks, damage to man made structures was limited to a few cabins close to the areas of the highest intensity.",EVENT
maven-valid-6656,"The protests have been marked with a strong cultural flavour: students have been singing, dancing and arranging diverse cultural manifestations throughout the days while the protests ensue.",EVENT
maven-valid-3021,"The proximate cause of the war was the Glorious Revolution of 1688, in which James, a Catholic, was overthrown as king of the Three Kingdoms of England, Ireland and Scotland and replaced by his Protestant daughter Mary and nephew and son-in-law William, ruling as joint monarchs.",EVENT
maven-valid-6493,The battle line stretched over 62 miles (100 km).,EVENT
maven-valid-2497,"The Cult of the Lord Holy Christ of the Miracles (), popularly known as ""Senhor Santo Cristo"" or ""Santo Cristo dos Milagres"" is a religious veneration associated with an image of Jesus Christ, depicted in the events of the New Testament (presented in Luke 23:1-25).",EVENT
maven-valid-1964,The attacks also lent credence to the belief that more Ho-Chunk were set to join Black Hawk's war against white settlers in Illinois and Michigan Territory.,EVENT
maven-valid-4765,"The festival explores the connections between classical music, folk music and world music from the Middle Ages until the early 19th century.",EVENT
maven-valid-7316,"In addition, a storm surge was reported.",EVENT
maven-valid-7639,The Battle of Cesenatico was a minor battle in the Neapolitan War that took place on 23 April 1815 in the town of Cesenatico on Adriatic coast.,EVENT
maven-valid-6242,The Italians had some early successes.,EVENT
maven-valid-1071,"While there has been ongoing controversy over the health effects of the disaster, a 2014 report by the United Nations Scientific Committee on the Effects of Atomic Radiation (UNSCEAR) and World Health Organization projected no increase in miscarriages, stillbirths or physical and mental disorders in babies born after the accident.",EVENT
maven-valid-886,In November 2007 the sponsored title was abolished after nine years and the Reading Festival reclaimed its original name.,EVENT
maven-valid-303,"Meanwhile, the Commonwealth of Australia initiated a three-year, $150 million program to provide relief to damaged areas.",EVENT
maven-valid-2314,"Aristide was forced into exile, being flown directly out of Haiti to the Central African Republic, eventually settling in South Africa.",EVENT
maven-valid-7929,"On the undercard, Sean Waltman fought Raven in a No Disqualification match with the stipulation that if Raven lost, he would be fired from TNA.",EVENT
maven-valid-537,"Graham's family filed a lawsuit against the city of New York, and the lawsuit was settled for $3.9 million in 2015.",EVENT
maven-valid-5322,"For this edition of the Games, four designated hubs will serve as hosts namely Manila, Clark, Subic, and a fourth cluster consisting of venues not grouped with the first three hubs.",EVENT
maven-valid-2043,"On its first and only day in session, the Constituent Assembly came into conflict with the Soviets, and it rejected Soviet decrees on peace and land, resulting in the Constituent Assembly being dissolved the next day by order of the Congress of Soviets.",EVENT
maven-valid-4760,The course was altered in 2011 to allow for faster times by cutting out a number of hilly sections near Osaka Castle.,EVENT
maven-valid-6956,"Senator Antonio Trillanes IV, Brigadier General Danilo Lim, and 25 other Magdalo (mutineers) officers walked out of their trial and marched through the streets of Makati.",EVENT
maven-valid-3656,"The Kenyan government named the conflict ""shifta"", after the Somali word for ""bandit"", as part of a propaganda effort.",EVENT
maven-valid-82,The crowd seemed wild about Poison while in actuality a drunk concert goer was on top of a lighting tower (about 30' up) trampolining on the tarp roof in nothing but a pair of blue jeans.,EVENT
maven-valid-4483,A cease-fire went into effect in 2003.,EVENT
maven-valid-6862,The Serbs then entered Bitola on the19th November.,EVENT
maven-valid-5206,There were a total of 17 matches played in the men's division and 14 matches played in the women's division.,EVENT
maven-valid-1172,This operation was the largest Marine offensive since the Battle of Fallujah in 2004.,EVENT
maven-valid-1838,"Operation Hurricane-91 () was a military offensive undertaken by the Croatian Army (""Hrvatska vojska"" – HV) against the Yugoslav People's Army (""Jugoslovenska Narodna Armija"" – JNA) and SAO Western Slavonia Territorial Defense Forces in the Sava River valley, in the region of Western Slavonia during the Croatian War of Independence.",EVENT
maven-valid-5412,"Additionally, a partially built house was destroyed and several incomplete homes were damaged in Pouch Cove.",EVENT
maven-valid-4046,"This marked a sharp decline from the more than 700,000 visitors counted in 2008, when the fair had been the 13th largest state fair in the United States.",EVENT
maven-valid-5467,"The tour was lauded by music critics who praised Beyoncé for her energetic performances, dancing and vocal abilities.",EVENT
maven-valid-4928,Order was restored with many of the Afghans hiding throughout the city being dragged through the streets and massacred without mercy in reprisals.,EVENT
maven-valid-6417,"The album along with Springsteen's previous album, ""Nebraska"", which he did not tour to promote, were performed in their entirety throughout the tour.",EVENT
maven-valid-7763,"According to a head of the Prague Fire Service, gas could be smelled in the area following in the blast, causing risk of further explosions.",EVENT
maven-valid-4065,"Up to 8,000 people were evacuated in Victoria at the height of the crisis and a state of disaster was declared for the first time in South Australia's history.",EVENT
maven-valid-2940,The British 2nd Parachute Brigade was part of the Operation Rugby airborne landings in August 1944.,EVENT
maven-valid-660,"The Comyns had ruled Buchan for nearly a century, from 1214, when William Comyn inherited the title from his wife.",EVENT
maven-valid-513,Five Brazilians returned to Brazil on December 27 on an airplane of the Brazilian Air Force.,EVENT
maven-valid-7308,"As Calvin made a second Mexican landfall near the southern tip of Baja California peninsula late on July 8, it weakened to a tropical depression.",EVENT
maven-valid-5302,The landing party was supported by 22 ships from three navies.,EVENT
maven-valid-112,"The native and mixed-race populations continued to influence the territory's culture and politics, even at the end of the territorial era, though by the time statehood was achieved that influence was in steep decline.",EVENT
maven-valid-3777,"American strategic bombing raids in June-July 1944 seriously damaged twenty-four synthetic oil plants and sixty-nine refineries, which brought 98% of all of Germany’s aviation fuel plants to halt and dropped monthly synthetic oil production to 51,000 tons.",EVENT
maven-valid-3663,"It is the most destructive hurricane to ever hit Florida/Bahamas in terms of structures damaged or destroyed, and was the costliest in financial terms until Hurricane Dorian surpassed it 27 years later.",EVENT
maven-valid-6530,"The first team's report, which was commissioned by the Yugoslav government, concluded that those killed, who included a woman and 12-year-old child, were all separatist guerrillas and not civilians.",EVENT
maven-valid-5209,This win represented their 4th World Cup title in succession and was despite losing their first ever World Cup game to New Zealand in the major semi final.,EVENT
maven-valid-5558,"Within hours, in the morning of 24 February, the torpedoed her, killing an estimated 781 refugees plus 10 crew, making it the Black Sea's largest exclusively civilian naval disaster of World War II.",EVENT
maven-valid-3405,Torrential rain also affected south Florida and the Bahamas.,EVENT
maven-valid-4102,"This time, Czarniecki ordered to murder all residents, and burn the town to the ground.",EVENT
maven-valid-1004,These actions elicited strong criticism from Chinese media and online communities.,EVENT
maven-valid-3224,"The Southern Song, however, quickly returned to economic prosperity, and trade with the Jin was lucrative despite decades of warfare.",EVENT
maven-valid-4593,"The Turkish press, conveying the news in Turkey, was silent about the arrest and instead insinuated that Greeks had set off the bomb.",EVENT
maven-valid-4261,It was the last of many questionable finishes over the years that hastened the IIHF to change the format of the tournament.,EVENT
maven-valid-6566,Protesters gained control of the presidential administration and Yanukovych's private estate.,EVENT
maven-valid-2046,"The XV Commonwealth Games (French: ""XV Jeux du Commonwealth"") marked South Africa's return to the Commonwealth Games following the apartheid era, and over 30 years since the country last competed in the Games in 1958.",EVENT
maven-valid-752,"Twelve NATO members contributed forces to the operation and, by its end on 20 December 1995, NATO pilots had flown 100,420 sorties.",EVENT
maven-valid-3502,General Maude spent the rest of 1916 rebuilding his army.,EVENT
maven-valid-4286,"The fourth hurricane and third major hurricane of the season, this storm developed from a tropical wave over the Caribbean Sea on September 18.",EVENT
maven-valid-5129,Defending champions Australia won the tournament for the third time after defeating the Netherlands 6–1 in the final.,EVENT
maven-valid-1766,"While India suffered no losses, Pakistan lost a minesweeper, a destroyer, a cargo vessel carrying ammunition, and fuel storage tanks in Karachi.",EVENT
maven-valid-5367,The passenger coaches were crushed between the goods waggons and the tender.,EVENT
maven-valid-4827,Both Afghanistan and Ireland were likely to be granted Test status before the proposed 2018 ICC Test Challenge.,EVENT
maven-valid-6886,"The shooting remains controversial not only because the killer's motive remains unknown, but also because of purposefully withholding information from the public by the authorities and what is generally perceived as a failed police action.",EVENT
maven-valid-1073,"On 5 July 2012, the National Diet of Japan Fukushima Nuclear Accident Independent Investigation Commission (NAIIC) found that the causes of the accident had been foreseeable, and that the plant operator, Tokyo Electric Power Company (TEPCO), had failed to meet basic safety requirements such as risk assessment, preparing for containing collateral damage, and developing evacuation plans.",EVENT
maven-valid-291,"By the time it came ashore near Silkwood, Queensland at 0445 UTC on 1 February, it was producing Category 3-force winds on the Australian tropical cyclone intensity scale and a minimum atmospheric pressure of 957 mbar (28.38 inHg).",EVENT
maven-valid-939,Cast members are dressed as people would have been dressed during the 1560s.,EVENT
maven-valid-5974,The album is Arnel Pineda's second since joining the band in 2007.,EVENT
maven-valid-7635,"Land interaction weakened Ignacio to an 80 mph (130 km/h) hurricane by the time it made landfall near La Paz, and it dissipated on August 27 in the central region of the Baja California peninsula.",EVENT
maven-valid-5275,"The election, held on 6 May, resulted in the first hung parliament in the UK in 36 years, sparking a series of negotiations which would form the first coalition government since the Second World War.",EVENT
maven-valid-7086,"Benbow's resolution to pursue the French, in what proved to be his last fight, proved irresistible to the public imagination.",NO_EVENT
maven-valid-7913,"The professional wrestling section of the Canadian Online Explorer website rated the entire event a six and a half out of ten, higher than the 2006 event's rating of six.",NO_EVENT
maven-valid-1555,Bhindranwale later on made the sacred temple complex an armoury and headquarters.,NO_EVENT
maven-valid-7222,Because of this the sincerity of the government came into question.,NO_EVENT
maven-valid-7123,"Every year it features roughly 3,000 artists from 30-odd countries, more than 650 concerts (including 450 free outdoor performances), and welcomes over 2 million visitors (12.5% of whom are tourists) as well as 300 accredited journalists.",NO_EVENT
maven-valid-458,"Nationalist ""Drive on Madrid"" (August–October 1936).",NO_EVENT
maven-valid-4675,Le Sars is a commune in the Pas-de-Calais department in the Nord-Pas-de-Calais region of France.,NO_EVENT
maven-valid-7901,"Zone in Orlando, Florida.",NO_EVENT
maven-valid-2801,The tour made headlines within the rock community due to a highly publicized altercation between the bands' respective lead vocalists.,NO_EVENT
maven-valid-5426,Rammasun is a Siamese word for thunder god.,NO_EVENT
maven-valid-1437,The arsenal commander ordered the completion of tally and classification works before a scheduled official inspection in ten days time.,NO_EVENT
maven-valid-3310,The Roman Catholic Church did everything in its power to sow controversy and intrigue between the two major Protestant factions.,NO_EVENT
maven-valid-6038,Triple H won the match and the championship after last eliminating Orton.,NO_EVENT
maven-valid-7002,"Rock Against Sexism (RAS) was a political and cultural movement dedicated to challenging sexism in the rock music community, pop culture and in the world at large.",NO_EVENT
maven-valid-2823,"King, and The Spinners as well as prominent African performers such as Miriam Makeba, TPOK Jazz, and Tabu Ley Rochereau.",NO_EVENT
maven-valid-3027,"William landed a force including English, Scottish, Dutch, Danish and other troops to put down Jacobite resistance.",NO_EVENT
maven-valid-3920,"Damage was estimated at $104 million, and there were 74 deaths in Mexico.",NO_EVENT
maven-valid-5337,"The final medal tally was led by Thailand, followed by host Malaysia and Singapore.",NO_EVENT
maven-valid-3588,"On October 22, a United Nations–brokered ceasefire unraveled, with each side blaming the other for the breach.",NO_EVENT
maven-valid-470,"The Republican military commander in Madrid was nominally a Spanish general, Jose Miaja, but Soviet military personnel were perhaps more important.",NO_EVENT
maven-valid-7291,"At the time of Annan, David was seven years old.",NO_EVENT
maven-valid-7100,.,NO_EVENT
maven-valid-6985,"Traditionally, the process is divided into three stages: the ""Patria Vieja"", 1810–1814; the ""Reconquista"", 1814–1817; and the ""Patria Nueva"", 1817–1823.",NO_EVENT
maven-valid-7704,"Altogether, Polish forces had some 12 000 men.",NO_EVENT
maven-valid-1801,James Ogilvie Fairlie was the principal organizer of this inaugural Open Championship.,NO_EVENT
maven-valid-6029,The event also has junior and mini races attached with these being run the Saturday before the main race on the Newcastle Quayside.,NO_EVENT
maven-valid-876,The Reading and Leeds Festivals are a pair of annual music festivals that take place in Reading and Leeds in England.,NO_EVENT
maven-valid-6579,"Lasting just 13 days, it is one of the shortest wars in history.",NO_EVENT
maven-valid-4869,"9 on the US ""Billboard"" 200 and No.",NO_EVENT
maven-valid-7552,and Def Leppard.,NO_EVENT
maven-valid-4755,"This CD was also available in a slightly different form on the Walt Disney World: Yearlong Millennium Celebration CD, a promotional album available to purchasers of Energizer batteries.",NO_EVENT
maven-valid-6007,"The format is similar to Farnborough and the ILA, both staged in even years.",NO_EVENT
maven-valid-5936,"The shows were divided into four parts; ""Impossible Princess"", ""Showgirl"", ""Cowgirl"" and ""Encore"".",NO_EVENT
maven-valid-4515,"EDSA is an acronym derived from Epifanio de los Santos Avenue, the major thoroughfare connecting five cities in Metro Manila, namely Pasay, Makati, Mandaluyong, Quezon City, and Caloocan, with the revolution's epicentre at the EDSA Shrine church at the northern tip of Ortigas Center, a business district.",NO_EVENT
maven-valid-4518,"The only means of legitimizing the event was the last-minute Supreme Court ruling that ""the welfare of the people is the supreme law.""",NO_EVENT
maven-valid-6672,"Coody, co-leader with Nicklaus entering the round, rebounded from his bogey at 14 with two consecutive birdies and parred the final two holes while Miller, 23, bogeyed two of the last three holes.",NO_EVENT
maven-valid-1100,Operation Mincemeat was a successful British deception operation of the Second World War to disguise the 1943 Allied invasion of Sicily.,NO_EVENT
maven-valid-7650,"In 2019, it was held from September 6 to 15.",NO_EVENT
maven-valid-6512,TANS Peru Flight 222 was a domestic passenger flight from Jorge Chávez International Airport to Chachapoyas Airport with a stopover at Cap.,NO_EVENT
maven-valid-4398,The weather was that of heavy fog and rain.,NO_EVENT
maven-valid-3722,"It was the 20th staging of the European Super Cup, a fixture between the winners of the UEFA Champions League and European Cup Winners' Cup.",NO_EVENT
maven-valid-5003,"It is held annually in early September in the city center of Novi Sad, in Serbia.",NO_EVENT
maven-valid-2287,The 1961 Grand Final is the oldest currently available on DVD.,NO_EVENT
maven-valid-7516,The South Manchuria railway zone and the Korean Peninsula were already under the control of the Japanese empire since the Russo-Japanese War of 1904.,NO_EVENT
maven-valid-1933,"The title, however, came from the location, Big Spring International Park in downtown Huntsville.",NO_EVENT
maven-valid-7077,The Hatfields were more affluent than the McCoys and were well-connected politically.,NO_EVENT
maven-valid-7922,"Zone in Orlando, Florida.",NO_EVENT
maven-valid-6131,"The brigs were of 12 guns, the 14-gun and the 12-gun .",NO_EVENT
maven-valid-4474,There was a sustained campaign of civil resistance against regime violence and alleged electoral fraud.,NO_EVENT
maven-valid-5294,"The sole fatality was the pilot, Lieutenant Commander Kevin ""Kojak"" Davis.",NO_EVENT
maven-valid-7858,"2005 edition (11th) was the first one to last for three days, previously the festival took two days.",NO_EVENT
maven-valid-1261,"Butler's authority with the Indians was undermined by his poor treatment of Joseph Brant, the leader of the Mohawks.",NO_EVENT
maven-valid-7909,"The contest between Abyss and Raven versus Black Reign and Rellik in a Match of 10,000 Tacks was also featured on the card.",NO_EVENT
maven-valid-587,The first was on May 21 at 06:02 UTC-4.,NO_EVENT
maven-valid-6122,The 1991–92 UEFA Cup was the 21st season of Europe's then-tertiary club football tournament organised by UEFA.,NO_EVENT
maven-valid-1769,Trident was followed up by Operation Python three days later.,NO_EVENT
maven-valid-5247,Following the success of 2005's What Will the Neighbours Say?,NO_EVENT
maven-valid-593,The third happened the same day at 14:56 UTC-4.,NO_EVENT
maven-valid-1701,The draw was made at the Copacabana Palace in Rio de Janeiro on 14 October 1999.,NO_EVENT
maven-valid-5833,"This was the second major military standoff between India and Pakistan following the successful detonation of nuclear devices by both countries in 1998, with the first being the Kargil War of 1999.",NO_EVENT
maven-valid-5301,12 Commando and the Norwegian Independent Company 1.,NO_EVENT
maven-valid-6714,"The scale of fighting was enormous: by 1970 the ARVN was the world's fourth largest army, with the PAVN being similar in size at around a million regular soldiers.",NO_EVENT
maven-valid-4851,"The women's winner, Aberu Kebede, had a time of 2:25:34 hours, which was six seconds off the women's course best.",NO_EVENT
maven-valid-2343,The International Committee of the Red Cross acted as an intermediary between the OPM and the Indonesian authorities.,NO_EVENT
maven-valid-7747,"The 2008 Euroleague Final Four was the final phase Euroleague Final Four tournament of the Euroleague 2007–08 season, featuring four teams that survived a 14-game Regular Season, 6 games in the Top 16 phase, and a best-of-three quarterfinal.",NO_EVENT
maven-valid-2747,"Aeroflot Flight 593 was a regular passenger flight from Sheremetyevo International Airport, Moscow, to Kai Tak Airport in Hong Kong.",NO_EVENT
maven-valid-7547,"Although occasional, the festival series is still active.",NO_EVENT
maven-valid-7843,"The Second Battle of Târgu Frumos, part of the First Jassy-Kishinev Offensive, was a military engagement primarily between the Wehrmacht and Red Army forces in May 1944, near Iași, Romania.",NO_EVENT
maven-valid-5763,"There was one survivor, who happened to be in his water main hole.",NO_EVENT
maven-valid-6798,"In late summer of 1796, the Austrian force reacquired most of the territory lost to the French earlier in the summer.",NO_EVENT
maven-valid-2742,"Most of its properties are located in Toronto (either in the city's Entertainment District, Fashion District or in its ritzy Yorkville neighbourhood), with a few others in Montreal, Niagara Falls, the Miami area, and Las Vegas.",NO_EVENT
maven-valid-1635,It came less than three months after Minh's junta had themselves come to power in a bloody coup against then President Ngô Đình Diệm.,NO_EVENT
maven-valid-3317,"With such mutual antipathy prevailing between the Protestants and Catholics of Germany, nothing that could would fail to be misunderstood.",NO_EVENT
maven-valid-2953,Algiers had been a province of the Ottoman Empire since the Capture of Algiers in 1529 by Hayreddin Barbarossa.,NO_EVENT
maven-valid-1980,"Eventually, the government succeeded in decertifying PATCO.",NO_EVENT
maven-valid-5678,"Zone in Orlando, Florida.",NO_EVENT
maven-valid-7305,"By July 7, Hurricane Calvin made landfall near Manzanillo at peak strength.",NO_EVENT
maven-valid-5080,The charge however was not successful.,NO_EVENT
maven-valid-5650,"Australia then made 389, with Bradman making a famous duck in his final innings.",NO_EVENT
maven-valid-1103,"Part of the wider Operation Barclay, Mincemeat was based on the 1939 Trout memo, written by Rear Admiral John Godfrey, the Director of the Naval Intelligence Division and his personal assistant, Lieutenant Commander Ian Fleming.",NO_EVENT
maven-valid-7750,The first day featured the two semifinal matches.,NO_EVENT
maven-valid-425,John Williams.,NO_EVENT
maven-valid-1409,It was a super-show based on the songs of the Moscow composer Vladimir Evzerov.,NO_EVENT
maven-valid-6719,"The end of the war and resumption of the Third Indochina War would precipitate the Vietnamese boat people and the bigger Indochina refugee crisis, which saw millions of refugees leave Indochina (mainly southern Vietnam), an estimated 250,000 of whom perished at sea.",NO_EVENT
maven-valid-6077,"UFC 110: Nogueira vs. Velasquez was a mixed martial arts event held by the Ultimate Fighting Championship (UFC) on Sunday, 21 February 2010 in Sydney, Australia, at Acer Arena.",NO_EVENT
maven-valid-317,1017.,NO_EVENT
maven-valid-4856,The stage was immediately popular and is now a cherished tradition at the annual event.,NO_EVENT
maven-valid-6949,The Volcano and Ryūkyū Islands Campaign was a series of battles and engagements between Allied forces and Imperial Japanese forces in the Pacific Ocean campaign of World War II between January and June 1945.,NO_EVENT
maven-valid-6099,championships (including world) to be held in Serbia and Montenegro/Yugoslavia.,NO_EVENT
maven-valid-7804,It is considered to be the fourth largest fair in Ontario.,NO_EVENT
maven-valid-4564,Leftists sought universal suffrage and greater rights for workers.,NO_EVENT
maven-valid-2279,"It was the 65th annual Grand Final of the Victorian Football League, staged to determine the premiers for the 1961 VFL season.",NO_EVENT
maven-valid-6764,"By then, other Allied forces were also close to the Rhine.",NO_EVENT
maven-valid-7861,"Visitors also come from different parts of Europe, mainly from Czech Republic, Germany and Poland.",NO_EVENT
maven-valid-7072,"The Hatfields, led by William Anderson ""Devil Anse"" Hatfield, son of Ephraim and Nancy (Vance) Hatfield, lived mostly on the West Virginia side.",NO_EVENT
maven-valid-6947,"Ultimately Laforey was successful, in part due to testimony from the defeated French captain, proving his case and claiming the prize money.",NO_EVENT
maven-valid-4684,"In the winter of 1916–1917, which was the worst for fifty years, the area was considered by the troops of the I Anzac Corps to be the foulest sector of the Somme front.",NO_EVENT
maven-valid-6037,"The main event was an Elimination Chamber match for the vacant World Heavyweight Championship between Triple H, Randy Orton, Batista, Edge, Chris Jericho, and Chris Benoit.",NO_EVENT
maven-valid-887,"In 2011, the capacity of the Reading site was 87,000, and the Leeds site was 75,000, an increase of several thousand on previous years.",NO_EVENT
maven-valid-1417,"Everywhere, the audience was a full house.",NO_EVENT
maven-valid-6583,"The remaining 10,324 to 12,500 prisoners were civilians, either family members of the military personnel or collaborators (razakars).",NO_EVENT
maven-valid-6712,The three-year period of 1972 to 1974 saw heavy fighting and constituted the war's bloodiest years for the ARVN.,NO_EVENT
maven-valid-2177,Corral's rear entrance.,NO_EVENT
maven-valid-6098,"European Championships 2004 in Budva were the joint seventeenth European championships (the other event would be held the next month in Maribor, Slovenia) and were the fourth W.A.K.O.",NO_EVENT
maven-valid-6214,"Division A consisted of 11 teams from last season's Division A, plus Hungary who were promoted.",NO_EVENT
maven-valid-3846,"In 1996, 200 sets of remains were exhumed from the grave by International Criminal Tribunal for the former Yugoslavia (ICTY) investigators.",NO_EVENT
maven-valid-3904,"Nationwide, there were about 100 deaths and $12 million in damage.",NO_EVENT
maven-valid-4629,"The British continued their attacks until April 23, when the town of Samarrah and its railroad fell into their hands.",NO_EVENT
maven-valid-4361,"Severe Tropical Storm Nock-ten, known in the Philippines as Tropical Storm Juaning, was a strong tropical storm which made a total of four landfalls in Southeast Asia, killing more than 100 people and causing damage estimated at US$126 million.",NO_EVENT
maven-valid-4601,"The 2008 figures released by the Turkish Foreign Ministry placed the number of Turkish citizens of Greek descent at 3,000–4,000; while according to the Human Rights Watch (2006) their number was estimated to be 2,500.",NO_EVENT
maven-valid-1538,"In 2008, C.O.M.A.",NO_EVENT
maven-valid-7070,"William McCoy, the patriarch of the McCoys, was born in Ireland around 1750 and many of his ancestors hailed from Scotland.",NO_EVENT
maven-valid-66,Notes: It was a hot day that day.,NO_EVENT
maven-valid-882,"The festival has also hosted prominent international acts such as Alice Cooper, Twisted Sister, Iggy Pop, AC/DC, Metallica, Mika, Slipknot, Guns n' Roses, Eminem, Nirvana, Hole, Foo Fighters, blink-182, The Strokes, Green Day, Faith No More, My Chemical Romance and Red Hot Chili Peppers.",NO_EVENT
maven-valid-591,The second happened on May 22 at 06:30 UTC-4.,NO_EVENT
maven-valid-2661,"The Fox River Grove crash stands as the worst crash involving a Metra train in its history, and one of the worst grade crossing crashes in U.S. history.",NO_EVENT
maven-valid-685,Raúl Alfonsín was the president of Argentina from 1983 to 1989.,NO_EVENT
maven-valid-6466,Among the passengers were almost all the United Kingdom's senior Northern Ireland intelligence experts.,NO_EVENT
maven-valid-7926,The team of Cage and Sting won the encounter.,NO_EVENT
maven-valid-7814,"Following the official closure of the Games, the Paralympic cauldron was extinguished by swimmer Eleanor Simmonds and sprinter Jonnie Peacock.",NO_EVENT
maven-valid-1408,"The official premiere of the show was held in St. Petersburg, in March 1999 in Oktyabrskiy Big Concert Hall.",NO_EVENT
maven-valid-2403,The case was also shown on TV series Bhanwar which was based on real life court cases.,NO_EVENT
maven-valid-6123,It was won by Dutch club Ajax on away goals over Torino of Italy.,NO_EVENT
maven-valid-4523,"On October 4, 2000, Ilocos Sur Governor Luis ""Chavit"" Singson, a longtime friend of President Joseph Estrada, went public with accusations that Estrada, his family and friends received millions of pesos from operations of the illegal numbers game, ""jueteng"".",NO_EVENT
maven-valid-7324,"Scotland saw its first snowfall since March, earlier in the year.",NO_EVENT
maven-valid-360,Pangeran Puger took the title of Pakubuwana I upon his accession in June 1704.,NO_EVENT
maven-valid-1676,"It was also the highest-scoring final, with six goals in total.",NO_EVENT
maven-valid-5560,"Only one person aboard, 19-year-old David Stoliar, survived (he died in 2014).",NO_EVENT
maven-valid-2539,"These fairs run throughout the summer, from spring to fall.",NO_EVENT
maven-valid-4153,"As well as the mainline railway stations above ground and subsurface platforms for the Metropolitan, Circle and Hammersmith & City lines, there were platforms deeper underground for the Northern, Piccadilly, and Victoria lines.",NO_EVENT
maven-valid-924,The Prague uprising () of 1945 was a partially-successful attempt by the Czech resistance to liberate the city of Prague from German occupation during World War II.,NO_EVENT
maven-valid-4678,"Courcelette lies to the south, Pys and Miraumont to the north-west, Eaucourt l'Abbaye to the south-east, the Butte de Warlencourt is to the north-east and Destremont Farm is south-west.",NO_EVENT
maven-valid-7078,"Devil Anse Hatfield's timbering operation was a source of wealth for his family, while the McCoys were more of a lower-middle-class family.",NO_EVENT
maven-valid-2132,A formal surrender ceremony was held in downtown Singapore on 12 September.,NO_EVENT
maven-valid-5866,"The 1968 Intercontinental Cup was a football tie held over two legs in 1968 between the winners of the 1967–68 European Cup, Manchester United, and Estudiantes de La Plata, winners of the 1968 Copa Libertadores.",NO_EVENT
maven-valid-3854,Operation Coburg (24 January − 1 March 1968) was an Australian and New Zealand military action during the Vietnam War.,NO_EVENT
maven-valid-494,"Its slogan is ""The Great Minnesota Get-Together.""",NO_EVENT
maven-valid-4624,"After Baghdad fell to the British on March 11, 1917, there were still 10,000 Ottoman troops north of the city, led by Khalil Pasha, who could represent a threat to Anglo-Indian forces.",NO_EVENT
maven-valid-6682,"The Vietnam War (), also known as the Second Indochina War, and in Vietnam as the Resistance War Against America () or simply the American War, was a conflict in Vietnam, Laos, and Cambodia from 1 November 1955 to the fall of Saigon on 30 April 1975.",NO_EVENT
maven-valid-7573,Art is often held to be an integral part of activism.,NO_EVENT
maven-valid-4536,"Among the highlights of the trial was the testimony of Clarissa Ocampo, senior vice president of Equitable PCI Bank, who testified that she was one foot away from Estrada when he signed the name ""Jose Velarde"" documents involving a P500 million investment agreement with their bank in February 2000.",NO_EVENT
maven-valid-6697,"U.S. and South Vietnam forces relied on air superiority and overwhelming firepower to conduct search and destroy operations, involving ground forces, artillery, and airstrikes.",NO_EVENT
maven-valid-7107,"On July 8, 2000, Dream Theater supporting Iron Maiden show in Mannheim, Germany, continued with Bospop Festival with Joe Satriani, Spock's Beard, Flower Kings, and Vanden Plas, in Weert, Netherlands, July 9, 2000.",NO_EVENT
maven-valid-7508,There is also an emphasis on eco-friendly initiatives.,NO_EVENT
maven-valid-2142,"The failure was the first of its kind for the A380, the world's largest passenger aircraft.",NO_EVENT
maven-valid-7943,Marion Bartoli won the women's singles title.,NO_EVENT
maven-valid-7663,; which was followed by the next edition in November 2012.,NO_EVENT
maven-valid-4657,"The operation failed due to a number of factors, including fierce Partisan resistance in the town itself and along the approaches to Drvar.",NO_EVENT
maven-valid-5606,The next major action in the area was the Battle of Corunna on 16 January 1809.,NO_EVENT
maven-valid-7152,"The final medal tally was led by Thailand, followed by Vietnam and Malaysia with host Philippines in sixth place.",NO_EVENT
maven-valid-426,He and much of his family were taken on the long overland journey to Canada.,NO_EVENT
maven-valid-5658,"Kannada Sahitya Sammelana () (Kannada Literature Conference) is the premier gathering of writers, poets and kannadigas.",NO_EVENT
maven-valid-7984,This was a historic tournament in a few respects.,NO_EVENT
maven-valid-5098,"The captain of the Aeroflot aircraft, Nikolai Dmitrijev (born 18 October 1931), was a Hero of Socialist Labor and one of the Soviet Union's most decorated civil airline pilots.",NO_EVENT
maven-valid-7769,In this innings he hit 12 fours and 13 sixes.,NO_EVENT
maven-valid-4988,Kingsmill was the climax of a string of tit-for-tat killings in the area during the mid-1970s.,NO_EVENT
maven-valid-2052,"The 1932 Cuba hurricane, known also as the Hurricane of Santa Cruz del Sur or the 1932 Camagüey hurricane, was the deadliest and one of the most intense tropical cyclones in Cuban history.",NO_EVENT
maven-valid-1534,C.O.M.A.,NO_EVENT
maven-valid-5682,The main event was for the TNA World Heavyweight Championship between then-champion Kurt Angle and the challenger Christian Cage.,NO_EVENT
maven-valid-2205,The Court of Appeal upheld the verdict in 2002.,NO_EVENT
maven-valid-1588,"It showcased material from her twelfth studio album, ""MDNA"" (2012).",NO_EVENT
maven-valid-6541,"Hostilities have continued since the ongoing Lord's Resistance Army insurgency, and the Kivu and Ituri conflicts.",NO_EVENT
maven-valid-5598,"Mansilla de las Mulas is a town located southeast of León, Spain.",NO_EVENT
maven-valid-7627,Prince Gustaf Adolf was the father of the present king of Sweden Carl XVI Gustaf.,NO_EVENT
maven-valid-8002,The trophy was won by the Netherlands national field hockey team.,NO_EVENT
maven-valid-7645,"Kansas State Fair is a State Fair that is held annually in Hutchinson, Kansas, United States.",NO_EVENT
maven-valid-7414,Tropical Storm Rachel was the only tropical cyclone to make landfall during the 1990 Pacific hurricane season.,NO_EVENT
maven-valid-233,He had two coronary interventions earlier that year.,NO_EVENT
maven-valid-1776,This was the first Boat Race to feature two sets of brothers on opposing sides.,NO_EVENT
maven-valid-1040,"There were 147 male athletes, and only one female athlete: Hendrika Nicoline Van der Heyden, of the Netherlands.",NO_EVENT
maven-valid-7540,"Liverpool Pride is a registered charity run by a Board of Trustees with the stated aim of promoting equality and diversity, advancing education, and eliminating discrimination in relation to LGBT people across the six districts of Liverpool City Region: Halton, Knowsley, City of Liverpool, Sefton, St Helens and Wirral.",NO_EVENT
maven-valid-4983,"The shootings were part of a string of attacks on Catholics and Irish nationalists by the ""Glenanne gang""; an alliance of loyalist militants, British soldiers and Royal Ulster Constabulary (RUC) police officers.",NO_EVENT
maven-valid-7616,History of The Open Championship at Carnoustie.,NO_EVENT
maven-valid-7102,"Metropolis 2000 Tour was the main world tour by progressive metal/rock band Dream Theater, promoting album.",NO_EVENT
maven-valid-4498,The Ukrainian Insurgent Army continued its guerilla activities until 1947 in both Subcarpathian and Lublin Voivodeships with no hope for any peaceful resolution.,NO_EVENT
maven-valid-7464,Sosoliso Airlines Flight 1145 (SO1145/OSL1145) was a scheduled domestic passenger flight between the Nigerian cities of Abuja (ABV) and Port Harcourt (PHC).,NO_EVENT
maven-valid-2272,"In mid-February, Wellington's army broke out of its small area of conquered territory near Bayonne.",NO_EVENT
maven-valid-1564,The most-affected regions were the Sikh neighbourhoods of Delhi.,NO_EVENT
maven-valid-1333,"The last time a boy won both the singles and doubles title at a Grand Slam was Roger Federer at the previous year's Wimbledon, while the last girl was Cara Black at the Wimbledon the year before.",NO_EVENT
maven-valid-4855,The stage is so-named because the festival proper has four main stages.,NO_EVENT
maven-valid-3120,Operation Dragoon was considered a success by the Allies.,NO_EVENT
maven-valid-2731,"It was one of the band's longer tours, divided into 99 dates.",NO_EVENT
maven-valid-6775,"By contrast, the Joint Typhoon Warning Center (JTWC) estimated 1 minute winds of 235 km/h (145 mph).",NO_EVENT
maven-valid-1644,"Khánh and his fellow plotters exploited this to spread rumors that Minh's junta was about to make a deal with Hanoi and then gained the support of the US, most notably through the chief of military forces in Vietnam, General Paul Harkins, who supported Diệm and opposed Minh's November coup.",NO_EVENT
maven-valid-2985,"In the aftermath of the civil war, a low-level insurgency by former Gaddafi loyalists continued.",NO_EVENT
maven-valid-3204,"The retreat divided the dynasty into two distinct periods, Northern Song and Southern Song.",NO_EVENT
maven-valid-7682,"The loss was still bitterly remembered in Great Britain 30 years later, at the height of the Napoleonic Wars.",NO_EVENT
maven-valid-5751,"Season 2 of the show premiered on March 1, 2016, on YouTube.",NO_EVENT
maven-valid-6749,"The final Score was NFC 17, AFC 3.",NO_EVENT
maven-valid-6677,Dave Stockton won the twelfth Par 3 contest on Wednesday with a score of 23.,NO_EVENT
maven-valid-1322,"1 in 2004, and despite being one of the top players of the early to mid-2000s, this would be her only Grand Slam final until the 2006 Australian Open, which she won.",NO_EVENT
maven-valid-2125,"However, due to the end of the war in the Pacific, it was never fully executed.",NO_EVENT
maven-valid-5929,The Circus Live was their biggest tour to date.,NO_EVENT
maven-valid-2250,The first edition of Waves was in 2006.,NO_EVENT
maven-valid-7262,The escaped prisoners were largely awaiting trial.,NO_EVENT
maven-valid-7109,It was the final show for North American leg's tour.,NO_EVENT
maven-valid-6696,"Every year onward there was significant build-up of US forces despite little progress, with Robert McNamara one of the principal architects of the war, expressing doubts of victory by the end of 1966.",NO_EVENT
maven-valid-1254,"The Cherry Valley massacre was an attack by British and Iroquois forces on a fort and the village of Cherry Valley in eastern New York on November 11, 1778, during the American Revolutionary War.",NO_EVENT
maven-valid-511,"According to eyewitnesses, 17 people are missing.",NO_EVENT
maven-valid-8036,It was the third edition of the tournament since the first one in 2010.,NO_EVENT
maven-valid-825,Naval Special Warfare Development Group (also known as DEVGRU or SEAL Team Six).,NO_EVENT
maven-valid-7997,The festival featured diverse genres of music.,NO_EVENT
maven-valid-985,"The United States occupation of Nicaragua from 1912 to 1933 was part of the Banana Wars, when the US military intervened in various Latin American countries from 1898 to 1934.",NO_EVENT
maven-valid-5777,It is the deadliest single-aircraft accident in aviation history.,NO_EVENT
maven-valid-4364,"Though it was one of the deadliest tropical storms of 2011, its anticipated landfall was well-publicized and appropriate preparations were made.",NO_EVENT
maven-valid-1047,The British also won one of the tennis events: the men's doubles.,NO_EVENT
maven-valid-7910,Abyss and Raven won the encounter.,NO_EVENT
maven-valid-1443,The depot no.,NO_EVENT
maven-valid-7695,The Soviet Union won its fourth gold medal.,NO_EVENT
maven-valid-2380,"Belgium was divided into administrative zones, the General Government of Brussels and its hinterland; a second zone, under the 4th Army, including Ghent and Antwerp and a third zone under the German Navy along the coastline.",NO_EVENT
maven-valid-4740,His head was displayed on the castle.,NO_EVENT
maven-valid-2161,The Gunfight at the O.K.,NO_EVENT
maven-valid-315,It was estimated that claims will exceed 94 million.,NO_EVENT
maven-valid-436,"In Madrid, the Republican government was unsure of what to do.",NO_EVENT
maven-valid-2722,World Championship Group A (West Germany).,NO_EVENT
maven-valid-4853,"Stage 5 (or, originally, ""Stage V"") is an unofficial stage at the Walnut Valley Festival, an annual bluegrass festival in Winfield, Kansas, United States.",NO_EVENT
maven-valid-1371,"These are Ballroom Dance, Argentine Tango, Swing Dance, Hip Hop and Breakdance.",NO_EVENT
maven-valid-7183,Relations between the two communities were tense and occasionally violent.,NO_EVENT
maven-valid-6102,championships.,NO_EVENT
maven-valid-2288,"Videos of the 1962, 1963 and 1964 Grand Finals have not yet surfaced.",NO_EVENT
maven-valid-2415,After the appointment of an the Xinjiang area remained peaceful for the next 60 years.,NO_EVENT
maven-valid-6048,Just a Pretty Face?,NO_EVENT
maven-valid-3521,"The Notre Dame Hounds and Lions du Lac St-Louis took silver and bronze, respectively.",NO_EVENT
maven-valid-4362,It was the eighth named storm and the fourth severe tropical storm of the 2011 Pacific typhoon season.,NO_EVENT
maven-valid-7065,"The Hatfields of West Virginia were led by William Anderson ""Devil Anse"" Hatfield while the McCoys of Kentucky were under the leadership of Randolph ""Ole Ran'l"" McCoy.",NO_EVENT
maven-valid-168,It is sometimes considered the first global war.,NO_EVENT
maven-valid-1313,"In the singles competition, Petr Korda and Martina Hingis were the defending champions.",NO_EVENT
maven-valid-4517,"International reaction to the revolt was mixed, with some foreign nations including the United States immediately recognising the legitimacy of Arroyo's presidency, and foreign commentators describing it as ""a defeat for due process of law"", ""mob rule"", and a """"de facto"" coup"".",NO_EVENT
maven-valid-4713,and Mrs.,NO_EVENT
maven-valid-1803,"The pairings were Tom Morris, Sr. (Prestwick) and Robert Andrew (Perth), Willie Park Sr. (Musselburgh) and Alexander Smith (Bruntsfield), William Steel (Bruntsfield) and Charlie Hunter (Prestwick St Nicholas), George Daniel Brown (Blackheath) and Andrew Strath (St Andrews).",NO_EVENT
maven-valid-3433,"Glen Trool is a narrow glen in the Southern Uplands of Galloway, Scotland.",NO_EVENT
maven-valid-5415,"Helles, at the foot of the peninsula, was the main landing area.",NO_EVENT
maven-valid-2928,"As an island nation, the United Kingdom was highly dependent on imported goods.",NO_EVENT
maven-valid-2407,"Hojijan and his brother, the Elder Khoja (also known as Burhān al-Dīn), were members of the Central Asian Muslim Zhuo (卓) Clan.",NO_EVENT
maven-valid-5758,"The Kravica massacre was an attack on the Bosnian Serb village of Kravica by the Army of the Republic of Bosnia and Herzegovina (ARBiH) from the Srebrenica enclave on Orthodox Christmas Day, 7 January 1993.",NO_EVENT
maven-valid-6270,"In 2008, the company had more than one million users.",NO_EVENT
maven-valid-6024,"The first Great North Run was staged on 28 June 1981, when 12,000 runners participated.",NO_EVENT
maven-valid-7963,"The 2009 Heineken Cup Final was the final match of the 2008–09 Heineken Cup, the 14th season of Europe's top club rugby union competition.",NO_EVENT
maven-valid-894,Merah filmed his attacks with a body-worn camera.,NO_EVENT
maven-valid-6800,"The situation remained in ""status quo"" until late October.",NO_EVENT
maven-valid-1323,"In doubles, the defending champions were Jonas Björkman and Jacco Eltingh for the men's, Martina Hingis and Mirjana Lučić for the women's, and Venus Williams and Justin Gimelstob for the mixed.",NO_EVENT
maven-valid-7976,The day-long festival featured in excess of 10 hours of live performances.,NO_EVENT
maven-valid-6789,"Across the river, Strasbourg, an Alsatian city, was a French Revolutionary stronghold.",NO_EVENT
maven-valid-4280,Brands.,NO_EVENT
maven-valid-8018,The Ottoman Empire also took advantage of the situation to regain some lost territories from the previous war.,NO_EVENT
maven-valid-6827,Temperatures were expected to plummet from a record high of recorded in southern England on New Year's Eve to .,NO_EVENT
maven-valid-321,1021.,NO_EVENT
maven-valid-7897,In 2001 the 21st century version was inaugurated.,NO_EVENT
maven-valid-6143,"Liselotte Neumann won her only major title, three strokes ahead of runner-up Patty Sheehan.",NO_EVENT
maven-valid-7803,"Since 1840, the fair has been active in Norfolk County on the complex.",NO_EVENT
