source_id,source_row,source_non_comp,source_threatmin,source_threatmin2,text,gt_threat_minimizing
covid_1,1,0.0,0.0,0.0,"Given his track record, no one can take Trump’s word alone on a COVID-19 vaccine. But with satisfactory answers to these questions, every American can have confidence in a safe and effective COVID-19 vaccine.",0
covid_2,2,0.0,0.0,0.0,"Why did he break quarantine? He is a super spreader. \Trump returns to the Oval Office six days after his COVID-19 diagnosis\""""",0
covid_3,3,0.0,0.0,0.0,👀 \n \nER nurse tests positive for COVID-19 eight days after receiving vaccine,0
covid_4,4,0.0,0.0,0.0,"When Trump was saying young people couldn’t get coronavirus, he knew they could. \n \nWhen Trump was saying it was the same as the flu, he knew it was deadlier. \n \nWhen Trump was purposely downplaying the severity, he knew it passed through the air. \n \nHe knew.",0
covid_5,5,0.0,0.0,0.0,"I'm an ER Nurse in Seattle. Last night @SeattlePD officers came to the ER to obtain a statement from an assault patient. One officer, Eric Whitehead, blatantly refused to put a mask on while standing in a high-traffic hallway. There were covid positive pts in nearby rooms. 1/",0
covid_6,6,0.0,0.0,0.0,"Trump knew in February. \nHe knew that COVID-19 passes through the air. \nHe knew it is deadlier than the flu. \nHe knew it is dangerous to more than just our elderly and vulnerable. \n \nHe purposely downplayed the pandemic. And now, 190,000 Americans are dead.",0
covid_7,7,0.0,0.0,0.0,Vox’s @teddyschleifer says the experts have told him that California lockdowns have been successful in combatting Covid 19. \n \nReally?,0
covid_8,8,0.0,0.0,0.0,Trump didn’t buy more covid vaccine from Pfizer because Jared Kushner hadn’t figured out a way to get a piece of the profits on the backend. Let’s be real about this. @realDonaldTrump,0
covid_9,9,1.0,1.0,1.0,"@AbbyJohnson @Lott4Trump Not just the churches, but all other businesses too...it is over 8 mos. already...stop taking away our freedoms. The deaths are less than 2%...no need for these extreme lockdowns...this is communism, not freedom.",1
covid_10,10,0.0,0.0,0.0,"new rule: if you called covid a hoax, you go straight the fuck to the end of the vaccine line. no exceptions",0
covid_11,11,0.0,0.0,0.0,@realDonaldTrump @FLOTUS So the wise guy here mocking Joe Biden at Tuesday's debate for wearing a mask tests positive for #COVID19. Great.,0
covid_12,12,1.0,0.0,0.0,It never ends. First masks don’t work. Then masks always work. First it cannot be spread via aerosol. Now it’s primarily spread by aerosol. First herd immunity includes getting infected. Now herd immunity only includes vaccinations. Our CDC is a fraud.,0
covid_13,13,0.0,0.0,0.0,"COVID-19 is surging across the country and today in North Carolina we have our highest daily case count at 3,885 new cases. We can slow the spread if we do what we know works — wear a mask and keep social distance.",0
covid_14,14,0.0,0.0,0.0,"It didn’t have to be this way. \n \nBut now we must live with the enormous and unimaginable loss. Americans will carry this collective grief for decades. \n \nIn honor of all the lives cut tragically, needlessly short: \n \nWear a mask. Social distance. Stay home and stay safe. \n \nAnd vote.",0
covid_15,15,0.0,0.0,0.0,"My daughter, 17, asked a customer at her work to wear a mask. He threatened her by showing her his gun and telling her he has a right to carry a gun and to choose if he wears a mask or not. @realDonaldTrump @JoeBiden @KamalaHarris",0
covid_16,16,0.0,0.0,0.0,"If 2,800 Americans were killed in terrorist attacks every day, I bet people would step and do everything asked of them to help. Because, patriotism. But ask them to wear a mask and stay home? Apparently that’s too hard. #COVIDー19 #STAYATHOME",0
covid_17,17,0.0,0.0,0.0,"The director of the CDC predicted that total deaths from Covid-19 could reach “close to 450,000” by February unless a large percentage of Americans follow precautions like mask-wearing.",0
covid_18,18,0.0,0.0,0.0,White House staff members are now reportedly stepping over one another to be some of first people in United States to get Covid-19 vaccine — ahead of many seniors and front-line health care workers. Daily Covid deaths are higher than ever. Thanks for everything.,0
covid_19,19,0.0,0.0,0.0,Very excited to get moving and get needles in arms. The #COVID19 vaccines are the way out of this pandemic.,0
covid_20,20,1.0,0.0,0.0,Is the media going to call out Biden for holding an event with no social distancing?,0
covid_21,21,0.0,0.0,0.0,"Rand Paul was the only person in the Senate chamber who did not applaud officer Eugene Goodman Fri, and the only person who did not wear a mask. CNN",0
covid_22,22,0.0,0.0,0.0,"Democratic Rep. Bonnie Watson Coleman, a 75-year-old cancer survivor, has tested positive for the coronavirus. She believes she contracted the virus after taking shelter in a room with lawmakers who refused to wear masks during the Capitol riot.",0
covid_23,23,1.0,1.0,1.0,"If there are more Coronavirus cases since we began instituting mask mandates and lockdowns, why are we still instituting mask mandates and lockdowns?",1
covid_24,24,0.0,0.0,0.0,"@realDonaldTrump The American people are focused on: \n \n✅ National Covid Plan with mask mandate \n✅ Retain ACA until Covid subsides \n✅ Immediate stimulus plan that only provides money to the people, no WH improvements, no defense money etc \nNothing else. Zero \n \nIt is your job to provide",0
covid_25,25,0.0,0.0,0.0,"DEAL ALERT: Everything on is 20% off between now and Tuesday, December 1. \n \nUse discount code ‘WEARAMASK’ and give your loved one the gift of scientific belief.",0
covid_26,26,0.0,0.0,0.0,VOTE 🇺🇸 VOTE 🇺🇸 VOTE 🇺🇸 ✅ \nVOTE BIDEN / HARRIS 💙🇺🇸✅ \nDEMOCRATIC NATIONWIDE ✅ \nPRAY TO GOD EVERY DAY 🇺🇸🙏🏻♥️ \nWEAR A MASK! 😷 \nWASH YOUR HANDS! 🤲🏻 \nSOCIAL DISTANCE! 👩🏻‍🤝‍👨🏼❌ 🇺🇸,0
covid_29,29,0.0,0.0,0.0,"\nTo clarify, you, as a licensed medical professional, believe people who don't wear a mask don't deserve medical treatment and should die?""",0
covid_30,30,0.0,0.0,0.0,"@MeidasTouch My parents, Floridians, bought into the nonsense that COVID was a “Dem hoax.” With no masks, no distancing, my father (pre-existing heart condition) was lost to the virus. \n \nI will stop at nothing to remove Trump from office, and I won’t be satisfied until he answers for this.",0
covid_31,31,1.0,1.0,1.0,"Lockdowns are the probably the worst method of containing a virus. \n \nOnce you open back up, it just starts to spread again. \n \nWe JUST saw this in Europe - why are they doing it AGAIN?",1
covid_32,32,0.0,0.0,0.0,"NEW: Speaker Pelosi implementing FINES for members who don't wear a mask on the House floor \n \n$500 fine for first offense. \n \n$2,500 for second office. \n \nFines will be deducted from Member pay (no use of campaign funds or MRA for fines).",0
covid_33,33,0.0,0.0,0.0,⚠️HOLY SMOKES. Sen Perdue’s broker bought Pfizer stock in Feb even when Pfizer warned of *bad outlook*. Then he bought more. Perdue basically traded OPPOSITE of Pfizer public warnings! \n \n➡️Then Pfizer announced #COVID19 vaccine plans soon after—coincidence?,0
covid_34,34,0.0,0.0,0.0,"Remember: the President of the United States is holding a rally in Minnesota today with no social distancing, no mask requirements and no contact tracing as cases skyrocket in our state. \n \nThe President is a threat to public health.",0
covid_35,35,0.0,0.0,0.0,"Pfizer says an early peek at its vaccine data suggests the shots may be 90% effective at preventing COVID-19. The interim analysis looked at 94 infections recorded so far in a study that has enrolled nearly 44,000 people.",0
covid_36,36,1.0,1.0,1.0,"NEW YORK: Orthodox Jews burn a pile of masks in protest against the continued lockdowns in the city \n \n2000 BC it was a burning bush, but in 2020 masks will have to suffice",1
covid_37,37,0.0,0.0,0.0,"Some people dont realize that one of the risks of encountering COVID is death, but they wont wear masks. \nOne of the risks of playing on the edge of a cliff is also death, but their ass wont play near the edge of a cliff every day will they?",0
covid_38,38,1.0,1.0,0.0,"And so it begins: early allergic reactions to covid vaccines, interminable lockdowns even with the vaccines being discussed in the UK and a new mutated strain emerging. All this to decrease the mortality rate from 1% to 0.5%. We have never seen a virus politicized like this",1
covid_39,39,0.0,0.0,1.0,Twitter Removes White House Adviser's Tweet Saying Masks Do Not Prevent COVID-19,0
covid_40,40,1.0,0.0,0.0,"@justin_hart You'd think after a year of pandemic there'd be loads of studies conducted, with thousands of subjects, showing exactly how protective masks are before putting forward oppressive ideas like this. Maybe science already has the answer (~zero), but power doesn't like that answer?",0
covid_41,41,0.0,1.0,1.0,Herman Cain's COVID timeline seems relevant: \n \n6/24: Attends Trump rally without a mask \n \n7/2: Tests positive for Covid-19 \n \n7/10: Says he’s improving \n \n7/15: Says his doctors seem happy \n \n7/27: Says he’s really getting better \n \n7/30: Dies \n \n7/31: Tweets that COVID is no big deal,1
covid_44,44,0.0,0.0,1.0,"\nWeeks later, that same person was still publicly saying covid was \""a flu,\"" \""like a flu,\"" \""like the regular flu that we have flu shots for.\""""",0
covid_45,45,0.0,0.0,0.0,"#Minnesota is surrounded by states teeming with Trumpsters convinced that mask wearing &amp; social distancing is a form of jack-booted government tyranny. So we're waking up to headlines like this in our Sunday paper: \Case Record Fuels Worry Statewide\"". #COVID__19 #COVIDIOTS #AMJoy""",0
covid_46,46,0.0,0.0,0.0,"Want to end the pandemic? \n \nLets marshal global manufacturing effort to make lots of vaccine quickly \n \nAnd vaccinate everyone \n \nBecause large outbreaks anywhere can give rise to variants that can escape vaccines everywhere \n \nAt the end of the day, we really are in this together \n \nFin",0
covid_47,47,0.0,0.0,0.0,It’s your patriotic duty to wear a mask.,0
covid_48,48,0.0,0.0,0.0,"Trump: “We’ll release the voter fraud proof with the Coronavirus vaccine and my taxes, in about 2 weeks”.",0
covid_49,49,0.0,0.0,0.0,"Just In: The Notre Dame President, Rev John Jenkins, who attended Amy Coney Barrett's nomination at the WH on Saturday, and who - yes, you guessed it - didn't wear a mask, has tested positive for COVID-19.",0
covid_50,50,1.0,1.0,1.0,"\He is not afraid, he's not going to hide in the basement, endorse another lockdown ... frozen in fear behind a mask,\"" Atlas said of the president.""",1
covid_51,51,0.0,0.0,0.0,Pretty much complete FUBAR on the vaccine delivery and rollout by Trump WH. \n \nPromising to release reserve vaccines that don’t even exist is even worse. \n \nAll this after they turned down 100 mil extra doses from Pfizer earlier as well. \n \n#COVID19 is winning. We are not.,0
covid_52,52,0.0,0.0,0.0,"How to fold your surgical mask to create a better fit and increase personal protection, per new CDC guidelines. #COVID19 #MaskUp",0
covid_53,53,0.0,1.0,0.0,BREAKING REPORT: Dallas Salon Owner Jailed For Defying Lockdown Orders Wins Spot In Run-Off For State Senate Seat...,1
covid_54,54,0.0,0.0,0.0,shout out to the frats that had giant parties this weekend even though multiple people in the house tested positive for rona causing all of campus to shut down and putting my neighborhood on extreme lockdown. you guys rock!!,0
covid_55,55,0.0,0.0,0.0,@akshayarora33 although I bet the reason he unfollowed me was because of my “please wear a mask” stuff,0
covid_56,56,0.0,0.0,0.0,"An office, crowded with people, Trump’s team not wearing masks. And then he mocks a reporter for wearing one. ON THE DAY AFTER RECORD COVID CASES IN US. What is wrong with these people? \n \nTrump Mocks Reuters' Jeff Mason for Wearing Mask in Oval Office",0
covid_57,57,0.0,0.0,0.0,"In the 90’s they taught you about HIV/AIDS (a virus) \n \nEveryone decided to wear a condom every time, and until the end of time \n \nIn the 20’s, they told you about #COVID19 (a virus) \n \nHalf of you put on a mask and half won’t wear one. \n \nAmerica, you’re not just poorer - you’re dumber.",0
covid_58,58,0.0,1.0,0.0,"The National Association of Manufacturers says that Vice President Mike Pence should consider seizing power through the 25th amendment after a mob supporting President Trump invaded the U.S. Capitol today, causing a lockdown and an evacuation of lawmakers.",1
covid_59,59,0.0,0.0,0.0,"More than 194,000 Americans have died of the coronavirus, including 1,300 yesterday. \n \nTrump is holding another event today with no masks or social distancing. \n \nTiny hands covered in blood.",0
covid_60,60,1.0,0.0,1.0,"The TSA is now authorized to fine passengers who refuse to wear masks? \n \nNobody voted for the CDC, TSA, Anthony Fauci or Bill Gates. \n \nWhy are we being ruled and controlled by those trying to destroy us?",0
covid_61,61,0.0,0.0,0.0,@kamenta @ConorLambPA @SeanParnellUSA Parnell yucking it up maskless at Trump's Covid rally again today.,0
covid_62,62,0.0,0.0,0.0,Arnold Schwarzenegger Gets COVID-19 Vaccine at Dodger Stadium,0
covid_63,63,1.0,0.0,1.0,@nytimes Lol FAKE NEWS Drive to the East Coast go to a beach see if anyone ask like there’s a pandemic drive to a small town in the country see if one person is wearing a mask,0
covid_64,64,0.0,0.0,0.0,Queensland pushes for use of mining camps for Covid-19 quarantine,0
covid_65,65,1.0,1.0,1.0,Beware all those using a positive presidential Covid test to gloat and score political points. Using fear to push funding for horrendous lockdowns and massive gov’t surveillance will backfire.,1
covid_66,66,1.0,0.0,1.0,"The CDC admits that the flu poses a higher risk to children than COVID. Yet we never forced kids to wear masks during flu season, or put them behind glass barriers, or shut down schools for months. The disparity is indefensible. We do LESS for the disease that is deadlier to kids",0
covid_67,67,0.0,0.0,0.0,"Here’s the math: If the goal is to reach 80% of Americans vaccinated with a 2-dose #covid19 vaccine, it will take 10 years at our current pace. We are at 1 million vaccinations a week. To get to herd immunity by June 2021, we need to be at 3.5 million vaccinations a day.",0
covid_68,68,1.0,1.0,1.0,The biggest threat posed by this pandemic is government dependency. \n \nWe can't move forward when job-killing shutdown orders are still in effect. \n \nReopen the economy!,1
covid_69,69,0.0,0.0,0.0,Moderna says first analysis of Covid-19 vaccine is 94.5% effective.,0
covid_70,70,0.0,0.0,0.0,"Disneyland distributes 100,000 COVID-19 vaccines amid park closure",0
covid_71,71,0.0,0.0,0.0,"A list obtained by WaPo shows Trump interacted w/ 207 ppl at Bedminster the day he tested positive. He didn't wear a mask on plane/helicopter after Hicks' infection. Aides say Trump, others infected were around thousands. And now, little contact tracing.",0
covid_72,72,0.0,0.0,0.0,@jodispissed8645 @maartenvda @Urtoez75_2 @let_america @hank_ering @oliwymom @RhondaResisting @TheOCBeaches @Gemini21BLM @paxtonkempf @LadyDay711 @jillmcmullon @JanetDu80953171 @VampireKat @JennyWearAMask @coralgableswang @QuinnLeone4 @ava_unity @pranster @Amberdev4real @MarthaVotesBlue @MichaelChrisLA @azgrl007 @AndersIwie @MimiBme919 @mousekerdoodle @xsambob @juliepanther16 @ATrumpest Same... I started crying when I typed mine out. I’m glad you feel lighter!,0
covid_73,73,0.0,0.0,0.0,"I can’t get over the moment where Karen Pence showed up on stage without her mask on as a slap in the face to the 200,000 people who died on her husband’s watch as head of the coronavirus task force.",0
covid_74,74,0.0,0.0,0.0,"Joe Biden takes the first major step towards bringing Covid-19 under control. He asks that we all wear masks. Finally, a President who cares whether we live or die.",0
covid_75,75,0.0,0.0,0.0,"Remember when Trump declared doctors are profiting off of #covid? 1700 healthcare workers have died of #covid. If you know a frontline health care worker, give them all the love and support you can. They are doing the work with a sense of hopelessness, b/c people don’t mask.",0
covid_76,76,0.0,0.0,0.0,"@IngrahamAngle Just wear a mask, wash your hands and try and keep a distance when you can, it’s really that simple. Not sure where the source of your hysteria stems from but maybe switch the channel and get on with it Laura",0
covid_77,77,0.0,0.0,0.0,STEFANIK SAYS ‘NO’: Rep Drafts Bill to Stop Gitmo Prisoners from Getting CoVID Vaccine Before Americans,0
covid_78,78,1.0,0.0,0.0,Suggesting “Covid Vaccine Passports” when the vaccine doesn’t stop Covid or transmission is truly a test to see how stupid people really are and how far they can take this,0
covid_79,79,1.0,1.0,1.0,"FACT: the vast majority of health, emotional, physical, psychological and financial hardships now faced by citizens are not due to COVID19, but are rather due to the ongoing catastrophic lockdowns, restrictions and policies imposed by our unaccountable and irrational governments.",1
covid_80,80,0.0,0.0,0.0,"Today, I'm announcing key COVID-19 priorities for the first 100 days of my administration: \n \n- Everyone wears a mask \n- 100 million vaccinations \n- Reopen the majority of schools \n \nWith these steps, we can change the course of the disease and change life in America for the better.",0
covid_81,81,0.0,0.0,0.0,"To schedule a COVID-19 vaccine appointment through the State of Florida registration system, call 866-200-3468 or visit . All eligible will be contacted when appointments are available. You can also follow @LeeCountyFLBOCC for updates and information.",0
covid_82,82,0.0,0.0,0.0,Why did an active COVID patient just remove his mask before walking indoors into the White House?,0
covid_83,83,0.0,0.0,0.0,There’s only one candidate who truly trusts science: Joe Biden. #wearamask,0
covid_84,84,0.0,1.0,1.0,Flu of 1918. Covid 19.,1
covid_85,85,0.0,0.0,0.0,🙋‍♂️Raise your hand if you are absolutely Livid that Trump KNEW that coronavirus was 5x deadlier than the flu and Lied about it from the very fcking beginning.,0
covid_86,86,1.0,1.0,1.0,"Did you know: \n \nAccording to the CDC—2,380 Americans under 35 have died with the China Virus \n \nThe latest data shows that 17,350 under 35 die from opioid overdoses every year \n \nLockdowns do nothing to stop the virus but they will increase opioid deaths \n \nSo why are we locking down?",1
covid_87,87,0.0,0.0,0.0,GOP county chair in Arkansas dies from COVID-19 – his committee hosted a maskless gathering last month,0
covid_88,88,1.0,1.0,0.0,"My neighbor’s teen grandsons have been back to school 2 weeks. Both are sick. Tested for Covid. Negative. They are suffering from a bacterial infection, the doc said, as a result of wearing masks to school 8 + hours a day.",1
covid_89,89,1.0,1.0,1.0,"Lockdowns have failed. Everyone can see it. The virus has spread at record levels despite all the mask mania, social distancing mantra and mass business closures. \n \nThose who demanded you comply will never admit it, but they were wrong. \n \nAnd they made everything worse.",1
covid_90,90,0.0,0.0,0.0,A nurse held the phone to my mom’s ear so I could speak to her for what is probably the last time about 20 minutes ago. She is dying alone &amp; scared from something that didn’t have to happen. Put the ads back up NOW @JoeBiden #Covid_19 #WearADamnMask #TrumpKilledMyMom,0
covid_91,91,0.0,0.0,0.0,First thing Orange Mussolini does upon returning to the White House is take off his mask \n \nCall it like it is. This man is a bio terrorist. RT if you agree \n \n#COVIDIOT #TrumpCovid19,0
covid_92,92,1.0,1.0,1.0,"BUFFALO NY: Business Owners Stand Up, Fight back and Kick out Sheriff &amp; Health Dept !🙌 \n \nChant “WE WILL NOT COMPLY” \n \n➖If every biz owner would do this lockdowns would be over. #FIGHTBACK #LockdownChaos @TeamTrump @realDonaldTrump @DonaldJTrumpJr @catturd2 @RealJamesWoods",1
covid_95,95,0.0,0.0,0.0,A #COVIDー19 thing happened on the way from attending mask-less Donald Trump rallies ...,0
covid_100,100,1.0,1.0,1.0,"\n#RecallGavinNewsom""",1
covid_101,101,0.0,0.0,0.0,Trump is lying dangerously about lockdowns and the coronavirus on Twitter. His lies have consequences. And he just doesn't seem to care.,0
covid_102,102,0.0,0.0,0.0,Dawning realization that nine months into the pandemic. senior WH officials think that if you test negative it means that you definitely have not caught the virus and can do whatever you want and don't need to quarantine if you've been in contact with someone with COVID.,0
covid_103,103,1.0,0.0,0.0,Gavin Newsom Says California Will Stay On Lockdown Until Scientists Discover Cure For Death,0
covid_104,104,0.0,0.0,0.0,I finally figured out how to get Trump to wear a mask!! \n. \n. \nTell him it was made from Ivanka's underwear.,0
covid_105,105,0.0,0.0,0.0,As a retired military officer and also disaster professional who has long worked on pandemic plans...I still have no idea why the military is involved in the pandemic response or vaccine development/distribution. We have federal agencies and plans for this. This is ridiculous.,0
covid_106,106,1.0,1.0,1.0,It’s not patriotic to wear a mask. It’s patriotic to tell the government to fuck off.,1
covid_107,107,1.0,1.0,1.0,"@lilpumpjetski24 @NeeltheRealDeal @GavinNewsom No one wants people dying, but lockdowns won’t stop that. So stop locking down and ruing peoples lives. It’s that easy.",1
covid_108,108,0.0,0.0,0.0,Vaccine reserve was exhausted when Trump administration vowed to release it. \nWhere did the doses go? \nWhere did the money go? \nSomeone may want to check Kushner’s bank account before he leaves \n#CovidVaccine \n#Fresh \n#OneV1,0
covid_109,109,0.0,0.0,0.0,"C'mon Donald—you didn't read my book, everyone knows you don't read. \n \nThere are lessons to learn &amp; you still haven't. \n \nWith 8.2M+ Americans infected, you are the #1 super-spreader. \n \nEnjoy life in FL (POS rate 12%) in 2 weeks; NY (POS rate 1.1%) won't miss you​. \n \nPS- Wear a mask.",0
covid_110,110,0.0,1.0,0.0,Lockdowns just press pause on spread of virus. Press play &amp; it starts spreading again. Need to use the time to build up testing &amp; tracing. Test results have to be returned within 24 hours for system to work.,1
covid_111,111,0.0,0.0,0.0,"\Liberals push to relax rules protecting ballot integrity on the pretext of protecting society’s vulnerable from Covid-19. Then they target the elderly to harvest ballots. House Democrats want to mandate this nationwide.\"" via @WSJ""",0
covid_112,112,1.0,0.0,0.0,"Even after the vaccine, Democrats will still: \n \n-Make you wear a mask \n-Close restaurants \n-Limit gatherings \n-Impose curfews \n \nIt won’t affect them, of course. They don’t follow their rules.",0
covid_113,113,0.0,0.0,0.0,"Mitch wouldn't even allow a vote on hundreds of billions of dollars of COVID relief. He’s blocked money for schools, testing, vaccines &amp; unemployment insurance for 116 days. \n \nHis goal is clear: Do nothing, then point his finger in a desperate attempt to win this election.",0
covid_114,114,1.0,1.0,1.0,Lockdowns are not designed to keep Americans safe. They’re designed to bankrupt small businesses. \n \nWhat we are witnessing is the largest wealth transfer in history from the middle class to the tech oligarchs.,1
covid_116,116,1.0,1.0,1.0,"\nThink about this!""",1
covid_117,117,0.0,0.0,0.0,"Covid claimed the lives of 217 people in Florida today. Never forget that @marcorubio skipped to the front of the line to get his vaccine. I would have given mine to your grandmother, your aunt or a nurse working the front lines. Visit to take action.",0
covid_118,118,0.0,0.0,0.0,@christoq I'm not sure which side she's on to be honest. The BLM mask should be considered better at filtering her breath if it contains COVID. The Trump mask seems to be a spreader disguised as a COVID mask---fake protection.,0
covid_119,119,0.0,0.0,0.0,"If the belief is rooted in: \nRacism \nSexism \nHomophobia \nTransphobia \nAbleism \nAgeism \nAnti-semitism \nIslamaphobia \nDenying of science, masks, social distancing impacting public health \nSubverting democracy \n \nThen NO. \n \nThats what’s plaguing us. \n \n“Negative peace” solves nothing.",0
covid_120,120,1.0,1.0,1.0,"It's intended as psychological harm \nde-humanizing us, dominating us — a power trip for tyrants \n \nSadomasochists - or as some have termed it \nmask-ochists \n \n#MasksOff #MasksOffAmerica \n#InformedConsent NOT #Lockdown",1
covid_121,121,0.0,0.0,0.0,Half the States Base Giving COVID Vaccines on Minority Status Instead of Age,0
covid_122,122,0.0,0.0,0.0,"Tonight, @FLOTUS and I tested positive for COVID-19. We will begin our quarantine and recovery process immediately. We will get through this TOGETHER!",0
covid_123,123,1.0,1.0,1.0,Until EVERYONE carries a gun for MY protection!! I won’t wear a mask for yours!!💥,1
covid_124,124,0.0,1.0,0.0,Elderly NYC man dies just 25 minutes after receiving COVID vaccine via @MailOnline,1
covid_125,125,1.0,1.0,1.0,@tracybeanz I think all of the lockdowns have caused more of an epidemic of weak spines than infections.,1
covid_126,126,0.0,0.0,0.0,"The message from scientists and doctors is clear: the vaccines which have been approved are safe, and they will save lives. \n \nEveryone who gets this vaccine is helping protect people around them and fighting the pandemic. \n \nAll of us should take that opportunity as soon as we can.",0
covid_127,127,0.0,0.0,0.0,"Home! Survived 11 days Hosp with COVID. I have blood clots in my lungs, heart problems, breathing issues, pain and weakness. 6mos to a year recovery. Outcome at this time is unknown. Medication horribly expensive. This is scary. I am still afraid. Wear a mask! Love you all!",0
covid_128,128,1.0,1.0,1.0,"Quarantines, lockdowns, mask mandates, mass censorship &amp; the most fraudulent election in modern history. \n \nCan you imagine what happens next if they get away with it?",1
covid_129,129,0.0,0.0,0.0,"Pay everyone $1500 to get vaccine \n \nIt is a stimulus check &amp; big vaccine incentive rolled into one \n \nResult: more people get vaccine, it saves lives, helps people financially, and the $400 B pays for itself w/ economic boost from ending pandemic \n \nRT if you agree #vaccinestimulus",0
covid_130,130,0.0,0.0,0.0,BREAKING: @presssec Baghdad Barbie has tested POSITIVE for Covid after speaking to reporters in the briefing room yesterday with NO mask on.,0
covid_131,131,0.0,0.0,0.0,"@realDonaldTrump So it's not so hard to post what the Atlanta Fed forecasts will be a 35% gain in GDP WHEN the BASE YOU'RE WORKING OFF is a 31.4% PLUNGE in the second quarter, as the U.S. economy shut down large swaths of activity to defend against the coronavirus spread.",0
covid_132,132,0.0,0.0,0.0,"Breaking: Fox News prez Jay Wallace \and several of the network's top anchors,\"" including @BretBaier and @MarthaMaccallum, \""have been advised to quarantine after being exposed to someone on a private flight who later tested positive for the coronavirus.\""""",0
covid_133,133,1.0,0.0,0.0,BREAKING: Dr. Fauci now says the COVID-19 vaccine will stop the spread of the virus and will protect those who are unvaccinated \n \nThis is the complete opposite of his previous position,0
covid_134,134,0.0,0.0,0.0,Wear a mask. Wash your hands. Vote out Donald Trump.,0
covid_135,135,0.0,1.0,0.0,"Husband, 74, and wife, 60, found love a week before lockdown",1
covid_136,136,0.0,0.0,0.0,"Covid is surging. We need to be especially careful now and double down on wearing masks, watching our distance, and washing our hands so that as many people as possible will still be around to get the vaccine when it's their turn.",0
covid_137,137,0.0,0.0,0.0,"Today I received my second dose of the COVID-19 vaccine during a visit to @NIH. When it becomes available to you, don’t wait — get vaccinated. It's safe, easy, and it saves lives.",0
covid_138,138,0.0,1.0,0.0,Second dose of the COVID vaccine is no joke. Feeling pretty icky!,1
covid_139,139,0.0,0.0,0.0,As we enter the “live testing” \nphase of the COVID vaccine... \nWhat is next?! \n👇👇👇👇,0
covid_141,141,1.0,0.0,0.0,It’s so interesting to see the media not even mention COVID-19 or social distancing when hundreds gather to celebrate Joe Biden’s “projected victory” but that same media just weeks ago said Trump rallies “could kill thousands” because of the lack of social distancing. \n \n🤔,0
covid_142,142,0.0,0.0,0.0,@VampireKat @ATrumpest @maartenvda @Urtoez75_2 @hank_ering @SalkaMandie @pranster @RhondaResisting @MarthaVotesBlue @macman747 @catsequalneko @coralgableswang @jodispissed8645 @bigdurtynerd @Amberdev4real @QuinnLeone4 @MrMoonl59091586 @ava_unity @bunnykittenpupp @oliwymom @P_flake @mousekerdoodle @MichaelChrisLA @azgrl007 @jillmcmullon @JennyWearAMask @AndersIwie @juliepanther16 @xsambob @MimiBme919 Hi Janey! 😂♥️,0
covid_143,143,0.0,0.0,0.0,I urge every American to: \n \n- Wear a mask \n- Stay socially distanced \n- Avoid large indoor gatherings \n \nWe can save countless lives if we step up together.,0
covid_144,144,0.0,0.0,0.0,"I remember when sheriffs and cops all around the US were saying they wouldnt enforce any lockdowns or mask mandates if they passed. They pick and choose what they enforce. Remember that when they carry out immoral acts and hide behind \we were just following the law\""""",0
covid_145,145,1.0,1.0,1.0,I'm still not going to wear a mask that does nothing to protect anyone from a virus with a survival rate of 99%.,1
covid_146,146,0.0,0.0,0.0,🚨BREAKING: Over 130 members of the Secret Service have been infected with Coronavirus or have been forced into quarantine as a direct result of Trump’s intentionally reckless campaign travel and events. \n \nDonald Trump remains America’s greatest national security threat.,0
covid_147,147,1.0,1.0,1.0,"The World Health Organization just admitted that I was right. Lockdowns are killing countries all over the world. The cure cannot be worse than the problem itself. Open up your states, Democrat governors. Open up New York. A long battle, but they finally did the right thing!",1
covid_148,148,0.0,0.0,0.0,The lockdowns opened so many eyes to the truth.,0
covid_149,149,0.0,0.0,0.0,"If it’s true that vaccinated people do not transmit #covid19, that would completely change things. Right now, our understanding is that the vaccine prevents the person who received it from becoming ill themselves but we don’t know if they could still be a carrier &amp; infect others",0
covid_150,150,1.0,1.0,1.0,"If Biden wins, he will lockdown America and bankrupt this country.",1
covid_151,151,1.0,1.0,1.0,@justin_hart There will be no lockdowns other than those done by certain Democrat governors!,1
covid_152,152,0.0,0.0,0.0,"Select CVS Pharmacy locations will offer around 570,000 COVID-19 vaccine doses in 17 states including the newly added states of Florida, Alabama, Arizona, Pennsylvania, Louisiana, and Ohio, CVS Health said on Wednesday in a press release. \n \nEligible peopl…",0
covid_153,153,0.0,0.0,0.0,Mitch McConnell is a traitor to this country. That he got the vaccine after willfully failing to protect us from Covid-19 is obscene. That he's continuing to block aid to Americans that would help them survive the catastrophes his party created is unconscionable.,0
covid_154,154,0.0,0.0,0.0,"@Jordanfabian @Acosta @VP Coronavirus updates: Millions for vaccine research misused, special counsel says; US could hit 500,000 deaths in 3 weeks",0
covid_155,155,0.0,0.0,0.0,BREAKING: Advocate Aurora now says an employee at its Grafton hospital intentionally removed the Moderna COVID-19 vaccine from a refrigerator resulting in nearly 500 doses having to be thrown away,0
covid_156,156,0.0,0.0,0.0,He has “influenced” me to continue wearing my mask. #WearAMask,0
covid_157,157,0.0,0.0,1.0,@SereneApathy @sifeij @nypost the vent lets droplets pass more easily thus defeating the purpose of why mask mandates are in effect. Masks are to protect someone from you not the other way around (at least according to the CDC),0
covid_158,158,1.0,1.0,1.0,Please End The Mask Mandate End The Covid-19 Scam Nothing More Than The Flu and Cold Symptoms. \n \nCongratulations Sir.,1
covid_159,159,1.0,1.0,1.0,"Lockdown orders should be ignored. All businesses, schools, and churches must immediately open. It is time for the largest act of civil disobedience in American history.",1
covid_160,160,0.0,0.0,0.0,"The Supreme Court just tossed out Trump's attempt to overturn Pennsylvania, the same day people started taking the first doses of the COVID vaccine. \n \nHow do you feel today? (gifs only)",0
covid_163,163,0.0,0.0,0.0,"\nAnd they are still working for Trump.""",0
covid_164,164,0.0,0.0,0.0,"Faith-healing church school in Redding CA flouted mask and social distancing rules. It's now the source of a superspreading event, with 274 new cases of #COVID19 so far in less than a week.",0
covid_165,165,0.0,0.0,0.0,"COVID-19 vaccines are here, but what I do is still important. So, I’m masking up, avoiding crowds, staying at least six feet apart from others, and not socializing indoors with people I don’t live with. Vaccines can help, but so can I. #SlowTheSpread",0
covid_166,166,0.0,0.0,0.0,Why are there no biohazard bins for our used masks if this is a pandemic?,0
covid_167,167,1.0,1.0,1.0,"It is time to disobey ALL orders that violate our natural rights. No more curfews, lockdowns, or authoritarian measures. Disobey, resist, defy - open America!",1
covid_168,168,0.0,1.0,0.0,CNN’s Jamie Gangel is saying right now that Tom Cotton told her on Jan. 6 that he asked a staffer to bring him his gun while in lockdown so that he could shoot the rioters if they barged through the door.,1
covid_169,169,0.0,0.0,0.0,"Dear @realDonaldTrump: Why is your rally so small? \n \nAlso, why are the people not social distancing? \n \nAlso also, why are taxpayers paying for your rally?",0
covid_170,170,0.0,0.0,0.0,@JoeBiden Did you leave any N95 masks or just use them up and forget to replenish?,0
covid_171,171,1.0,1.0,1.0,I keep hearing about a 4-6 week nationwide lockdown being instituted in January. \n \nThere is absolutely no science that would back that up &amp; I think we can all agree it would be the final nail in destroying our country’s economy.,1
covid_172,172,0.0,0.0,0.0,"President Trump administered the first covid vaccine, NOT Biden. \nThe media will try to tell you otherwise",0
covid_173,173,1.0,1.0,1.0,"'Empirical data from the U.S., Europe and Japan show that lockdowns don’t eliminate the virus and don’t stop the virus from spreading.'",1
covid_174,174,0.0,0.0,0.0,JUST IN: Vice President Harris receives second dose of COVID-19 vaccine,0
covid_175,175,0.0,0.0,0.0,@Putin_t_Rump @GayleCostner @Rosie_wearamask @JethroMallard @BerniceGatlin1 @kellabel @CatherineResist @PukeonTrump @Henness87 @NedOpposes @DharmaDreamin @classicalricky @MarkDistance @QueenJennie17 @VLF79 @Jennife68158606 @bmcarthur17 @LanceUSA70 @bamableu @rayleengale @johnny_queer @TheOUTFront @GodSend48907264 @czarim1 @MarisolTorresRS @DrT_Crit_Think @fireman452a @WokeAnimal @joesommer @SpiderQueer @DoingJack @TexasGal_98 @RacerxJax @Peatches66 @Canada1Proud @JustANurse99 @baronessMikele @SARA2001NOOR @smom_sara @Liney1103 @embolina95 @lseg1971 @JohnHPiette Now thats a beautiful sight!,0
covid_176,176,0.0,0.0,0.0,Philly announces COVID-19 vaccine sign-up: Here's what we know (and what we don't),0
covid_177,177,0.0,0.0,0.0,CASE IN POINT! I tweeted earlier today that you can social distance and wear masks all the time AND STILL CONTRACT COVID-19. Gillian Turner discusses getting the virus (while her husband stayed negative). Why is this not being covered more on @foxnews?,0
covid_178,178,0.0,0.0,0.0,Remember to: \n \n- Wear a mask \n- Wash your hands \n- Practice social distancing \n \nYour actions can save lives and change the course of this pandemic.,0
covid_181,181,1.0,1.0,1.0,"\nNo. So why are we?""",1
covid_184,184,0.0,0.0,0.0,"\n- @JakeTapper on the President's positive Covid-19 test.""",0
covid_185,185,0.0,0.0,0.0,"We vote for the same reason we wear a mask. Its not fun, exciting, sexy or dramatic. It wont fix everything overnight. Its just a small practical real action you can take to protect your most vulnerable neighbors. Its literally the least you can do. And if we all do it-it works",0
covid_186,186,1.0,1.0,1.0,"'No, no.': Mexican president rejects mask-wearing after COVID-19 recovery a través de @Yahoo",1
covid_187,187,0.0,0.0,0.0,"We have asked WH officials countless times why they don’t wear masks, and they always tell us it’s because they tested negative that day. \n \nBut that doesn’t mean you don’t have COVID-19, and that doesn’t mean you aren’t contagious. \n \nCase/Point.",0
covid_188,188,0.0,0.0,0.0,Will you comply with Biden's request that all Americans wear a mask during the first 100 days of his presidency? \n \nyes yes yes \n👇 👇 👇,0
covid_189,189,0.0,0.0,0.0,"This Sunday on Life, Liberty &amp; Levin, President Trump, “accuses Democrats and media of ‘denigrating’ potential coronavirus vaccine” during interview with Mark Levin @marklevinshow @realDonaldTrump",0
covid_190,190,1.0,0.0,0.0,"@GreengrantsFund @lauragarciac @CWABoulder There is no real vaccine for COVID. We need the courage, strength, and imagination to fight the system.",0
covid_195,195,0.0,0.0,0.0,"\nThey're beyond parody at this point.""",0
covid_196,196,1.0,1.0,1.0,"The science regarding lockdowns is now clear &amp; even the WHO is saying that there has to be a better way to control this virus. \n \nAmerica, let’s open our economy and end all the depression, suicides, drug overdoses and many other problems.",1
covid_197,197,1.0,1.0,1.0,Today’s update on Lockdown Sceptics is here. Includes original paper by @ClareCraigPath and Jonathan Engler demolishing the evidence that asymptomatic carriers can spread the disease and a harrowing piece about the impact of social distancing on children.,1
covid_198,198,0.0,0.0,0.0,"My grandmother learned yesterday she tested positive for #COVID19. She’s survived melanoma, breast cancer, &amp; uterine cancer. I know she’s strong, but I’m scared. And it’s people like her that are hurt most by the incompetence at the highest levels of our govt. Wear a mask. VOTE.",0
covid_199,199,0.0,0.0,0.0,"CNN Hypocrisy 1st \n \nCNN can dish it out but Jeff Zucker &amp; @CNNPR's @MDornic can't take it \n \nFACTS \n✅@KirstieAlley's Veronica's Closet averaged over 10 million viewers, @CNN 1.3 million \n \n✅@ChrisCuomo doesn't wear a mask \n \n✅@CNN downplays virus with jokes &amp; celebrity OPINION",0
covid_200,200,0.0,0.0,0.0,Canada just announced it’ll provide the new Covid vaccine to every Canadian who wants it — for free. \n \nCanada has ordered more vaccines per capita than any other nation. \n \nThey’re planning to donate excess supply to impoverished countries. \n \nHumanity.🌎❤️🇨🇦,0
covid_201,201,1.0,1.0,0.0,"A German children's charity got laboratory tests done on one of the masks typically sold in shops, after it had been worn by a child in school for 8 (!) hours: \n \nResult: 82 bacterial colonies &amp; 4 mould (fungoid) colonies. \n \n#microbiology #hygiene #PublicHealth #COVID19UK",1
covid_202,202,1.0,0.0,1.0,"Some say, ‘if you just wear a mask your state will open up sooner’. \n \nI say: If you just voted Republican, it wouldn’t be closed.",0
covid_203,203,1.0,1.0,1.0,The data coming out seems to indicate that oppressive lockdowns don’t prevent COVID spread \n \nThey only delay it \n \nEnd the tyranny,1
covid_204,204,0.0,0.0,0.0,"#Kentucky #Covid19 New#’s \n \n776 New cases😷 \n \n81,691 Total cases \n \n1,706,551 Total tested \n \n4.59 Positivity rate \n \n14 New losses to Covid19 \n💚💚💚💚💚💚💚💚💚💚💚💚💚💚 \n \n1,269 Kentuckians lost to Covid19😢 \n \n170/90 ICU/Vent🙏🏻 \n \nTBA/TBA Children 5/18yrs younger \nYoungest TBA \n \n#MaskUpKY",0
covid_205,205,0.0,0.0,0.0,"@jezardscribe1 @vickyyyf The pastor was a truther, of sorts. \nThe minister who spread it said it was his religious freedom to not have to isolate or wear a mask. Hired a Florida lawyer to represent him.",0
covid_206,206,1.0,0.0,0.0,They knew mail-in ballots would cause this shit show. It was all about that coronavirus thing that no one has mentioned for three days. I guess mail-in ballots were the real vaccine.,0
covid_207,207,0.0,0.0,0.0,"Dolly Parton donated $1 million to Vanderbilt for vaccine research. \n \nVanderbilt researchers were involved in the Moderna trials. \n \nErgo, Dolly Parton helped cure COVID.",0
covid_208,208,1.0,1.0,1.0,Live now! All the lockdown lunacy of the weekend and more:,1
covid_209,209,0.0,0.0,0.0,"Yes, United States, there is actually a state with a 59.5% test positivity rate, 165 per 100,000 residents with new infections (the 2nd highest in the world and for the pandemic, as well for deaths) and no 😷 mandate.",0
covid_210,210,1.0,1.0,1.0,@AtriumHealth she needs to testify in Raleigh at the NCGA about the epidemic of pyschiatric problems due to the lockdown.,1
covid_211,211,0.0,0.0,0.0,"🚨UPDATE🚨 \n She just died because she would not wear a mask, and the president she loved lied to her.",0
covid_212,212,0.0,0.0,0.0,The highly infectious Covid variant is in Iowa. \n \nOur testing rate is the lowest in the country. \n \nOur positivity rate is among the highest. \n \nAnd vaccine distribution in Iowa is at the bottom. \n \n.@IAGovernor is trying to kill us. \n \n#DefeatKimReynolds2022,0
covid_213,213,0.0,0.0,0.0,"\Everyone should wear a mask. If everyone wore a mask we would dramatically cut down on transmission of #coronavirus,\"" says @ScottGottliebMD. \""The reason why we are asking people to wear masks isn't to protect individuals, it's to protect other people from you.\""""",0
covid_214,214,0.0,0.0,0.0,So once again the direct stimulus payments are contingent on your earnings in 2019 — which has no relevance to our industries being shut down in 2020 DUE TO A PANDEMIC.,0
covid_215,215,1.0,1.0,1.0,The Papadopoulos house won’t be in lockdown for thanksgiving. Neither should yours. This is America,1
covid_216,216,0.0,0.0,0.0,"THREAD: Amazon worker Poushawn Brown, 38, was made to COVID test other workers for several months. She was not given N-95 mask, hazard pay, &amp; social distancing was non-existent. \n \nHer sister told me Poushawn came home recently w/ a headache. She died in bed next morning....",0
covid_217,217,0.0,0.0,0.0,"Auwe! Auwe! Our seniors/kupuna aged 65 to 75 continue to suffer severe illness and hospitalization, dying every day from COVID, because our state leaders refuse to let them get vaccinated. Their lives are precious. Politicians'/leaders' talk is cheap.",0
covid_218,218,1.0,0.0,1.0,HELL NO! It's not legal to require a vaccine for #Covid at all. \n@LLinWood \nIs it a campus or a prison??,0
covid_219,219,0.0,0.0,0.0,New Zealand has announced it will provide the new Covid vaccine to any New Zealander who wants it — free of charge. \n \nThen they went further. \n \nThey're also making the vaccine available to all of their Pacific island neighbors. \n \nHumanity. Leadership.🌎❤️🇳🇿,0
covid_220,220,1.0,1.0,1.0,This second lockdown is to finish off the businesses that made it through the first one!! When there are no jobs left people will then finally be dependent on the government for money and they will have us where they want us!! Businesses need to say NO to these lockdowns!!,1
covid_221,221,0.0,0.0,0.0,"How insane is America in the waning days of Trump? Thousands of Americans are dying every day from COVID, Georgia is in the top 5 for most active cases now, and Trump holds a packed, mostly mask-less rally, doesn’t even mention the pandemic and insists he won the election.",0
covid_222,222,0.0,0.0,0.0,Wowza! \nHmm ...contemplating the #CovidVaccine - \nPeople NEED to be aware of THIS!,0
covid_223,223,0.0,0.0,0.0,"@WhiteHouse @realDonaldTrump As @POTUS, @realDonaldTrump knew Coronavirus was five times as deadly as the flu and more contagious and did NOTHING BUT LIE to America. \nHe killed Americans with HIS PANIC.",0
covid_224,224,0.0,0.0,0.0,@Laurieluvsmolly @Rosie_wearamask @realDonaldTrump I got one. Great aren't they ? ❤,0
covid_225,225,0.0,1.0,1.0,"@jay92110 @jkcarnah Oh look, Jay bunch of numbers, account established September 2020 is against masks during a world wide pandemic.",1
covid_226,226,1.0,1.0,1.0,Wow! So is Dr Fauci &amp; Dr Birx FRAUDS? Has this entire lockdown been about GOVERNMENT CONTROL? 🤬🤬🤬🤬🤬🤬🤬🤬🤬,1
covid_227,227,0.0,0.0,0.0,Hey there #arizona I think it is time to drop the Duce! #recalldougducey @dougducey @AZGOP #MaskUpAZ #MaskMandate #COVID19,0
covid_228,228,0.0,0.0,0.0,Mr. President—this is your last act. \n \nYou will be accountable for this COVID bill and its results. \n \nThe bill MUST help struggling Americans &amp; fund state/local aid &amp; vaccine distribution. \n \nYou're about to exit the stage &amp; the audience always remember the close. \n \nIt's up to you.,0
covid_229,229,1.0,1.0,1.0,"Herd immunity works. Europe is going through a big 2nd Covid wave. . . But not in Sweden, which has remained open. No lockdowns, no masks, schools open, churches open, restaurants at full capacity",1
covid_230,230,0.0,0.0,0.0,Pfizer to begin Covid vaccine clinical trial in pregnant women.,0
covid_231,231,0.0,0.0,0.0,"@skarlamangla That is exactly why. I’m a nurse. N95 masks are fit-tested to each person. It’s not one size fits all. Once you have been fit tested and know what size fits, you can keep with same size but should be fit-tested again periodically as weight changes and aging alter the fit.",0
covid_232,232,0.0,0.0,0.0,"President Biden will formally reinstate COVID-19 travel restrictions on non-U.S. travelers from Brazil, Ireland, the United Kingdom and 26 other European countries... \n \nWhat a bigoted racist am I right?!",0
covid_233,233,1.0,1.0,0.0,"REPORT: COPS will go into Brits' homes and break up CHRISTMAS FAMILY GATHERINGS if they break lockdown rules, police chief warns... \n \nCOMING TO AMERICA UNDER A BIDEN ADMINISTRATION?",1
covid_234,234,1.0,1.0,1.0,"@Random12434 Here as an actual study using actual control groups. It proves masks have no efficacy. Stop wasting your time and money. In addition, having had COVID, I know it’s a nuisance but no big deal. Stop the fear!",1
covid_235,235,1.0,1.0,1.0,Went to do some last minute shopping and everybody is out and about. It's a jungle out there and I love to see it ! \n \nNobody gives a damn about Gavin's lockdowns!! 🇺🇸✊🏽,1
covid_236,236,0.0,0.0,0.0,My son just texted. A fellow student at school just died from Covid. She tested positive and was sent home September 13th. She died in the hospital. Please tell your college kids they’re not indestructible. ❤️ #WearAMask,0
covid_237,237,0.0,0.0,0.0,"As people celebrate, please remember we are in the midst of a raging and resurgent pandemic. Wear masks, keep your distance, live to fight for the future.",0
covid_239,239,0.0,0.0,0.0,@DeAnna4Congress Trump is a public health disaster \n \n#WearAMask,0
covid_240,240,0.0,0.0,0.0,Trump will not stop virus for 50+ days. Very bad. \nAsk local government to mandate masks and dicstance \nClose high traffic areas. \n \nUS hits highest 7-day average of coronavirus cases since the pandemic began - CNN via @GoogleNews,0
covid_241,241,0.0,0.0,0.0,BREAKING: FDA review confirms safety and efficacy of Pfizer coronavirus vaccine,0
covid_242,242,0.0,0.0,0.0,"Got my first dose of COVID vaccine today. Thank you science! \nMask, social distance and hand hygiene. We can beat this! \n#igottheshot",0
covid_243,243,0.0,0.0,0.0,"Buried lede in Notre Dame president's statement about SCOTUS event: \n \nHe says after White House gave guests COVID tests, \we were notified that we had all tested negative and were told that it was safe to remove our masks.\""""",0
covid_244,244,0.0,1.0,0.0,Cambridgeshire heroes helping out with homeschooling during lockdown,1
covid_245,245,1.0,0.0,0.0,Before the election... \n \n1️⃣ Biden was a vaccine denier \n \n2️⃣ Kamala was a vaccine denier \n \n3️⃣ Pelosi denied the American People COVID relief \n \nNow... \n \n➡️ Biden &amp; Harris take Trump Vaccine \n \n➡️ Pelosi finally agrees to COVID relief \n \nBLATANT POLITICS at your expense‼️,0
covid_246,246,1.0,1.0,1.0,And you prove them right when you submit to lockdowns and close your business while #PelosiBlowout takes place. Take our country back Patriots. #FightBack,1
covid_249,249,0.0,0.0,0.0,"\nMy colleagues didn't \""give\"" their lives, @BorisJohnson. Their lives were taken - by you. Your failure to lockdown, to provide proper PPE, to close borders, to be competent.""",0
covid_250,250,0.0,0.0,0.0,"A report in the Washington Post detailed how likely thousands of foreign nationals are traveling to the U.S. to get the coronavirus vaccine, cutting in line before about 280 million Americans who have not yet been vaccinated.",0
covid_251,251,1.0,1.0,1.0,Struck by how breaching of Capitol bldg by jackasses is portrayed as the worst thing that’s ever happened. It was awful but not even close to the years-long destruction of cities by Dem associated gangs &amp; lives &amp; businesses destroyed by hypocritical lockdown-crazed politicians 1/,1
covid_252,252,0.0,0.0,0.0,"I don't know who needs to hear this, but we are still in a global pandemic. 210K Americans have died from #COVID to date. #WearAMask",0
covid_253,253,0.0,1.0,0.0,Lockdown has reduced my booty calls by 100%,1
covid_254,254,0.0,0.0,0.0,WEAR A MASK. WEAR. A. MASK. WEAR IT.,0
covid_255,255,0.0,0.0,0.0,"So let me get this straight: wearing a mask to save lives during a pandemic should be a personal choice, but what a woman does with her own body should be mandated by the government?",0
covid_256,256,0.0,0.0,0.0,EXCLUSIVE: The Trump administration invited the leading Covid-19 vaccine manufacturers to a celebratory “Vaccine Summit” on Tuesday. Neither plans to attend.,0
covid_257,257,1.0,1.0,1.0,3/ People are fed up with #hypocritical leaders. Politicians have to understand the needs of the people and have a balance in their policies. People will not stand for #endlesslockdowns anymore.,1
covid_258,258,1.0,1.0,1.0,Why in the world are vaccines being treated as the holy grail of effective treatments for COVID-19—or even as an effective treatment at all?,1
covid_259,259,0.0,0.0,0.0,"Saw Trump camp complaining about NBC questions, so I looked them up: \n \nWhen did you get sick \nShould you wear a mask \nDo you believe in herd immunity \nWhy share a Bin Laden conspiracy \nDo you denounce QAnon \nWill you accept losing",0
covid_260,260,1.0,1.0,1.0,"Small businesses, family and immigrant-run businesses represent real lives and a living history that NYC, Chicago, DC etc. have destroyed with obscene Covid rules and lockdowns.",1
covid_261,261,0.0,0.0,0.0,"But with different conditions*, the risk is 50X higher \n = 5% chance for each person catching COVID19 \n \n*100 people, ~1ft avg distance, cloth masks, indoor with HEPA filter and 5X ventilation",0
covid_262,262,1.0,0.0,0.0,"According to Speaker Pelosi, healthy Americans must wear masks, close their small businesses, and stay home at all times. \n \nBut a Democrat who tested positive for COVID-19 can travel to DC, vote on the House floor, and is deemed “essential” just to keep Nancy Pelosi in power.",0
covid_263,263,0.0,0.0,0.0,"Now that Trump and Melania have tested positive, Kamala Harris should not debate Pence until he’s tested, and not unless they’re masked and shielded by plexiglass. \n \nBut I do yearn for Kamala to eviscerate Pence about coronavirus Task Force, now more than ever. \n#TrumpHasCovid",0
covid_264,264,0.0,0.0,0.0,@bamableu I dont wish anybody sickness but trump and his administration laugh at wearing mask.they wouldnt social distances.he said the coronavirus will disappear .now he see that he was wrong.,0
covid_265,265,0.0,0.0,0.0,The Biden-Harris plan to get this pandemic under control includes free testing and free vaccines available for everyone.,0
covid_266,266,0.0,0.0,0.0,"One year ago, Wuhan experienced a mysterious cluster of cases of pneumonia. \n \nA year later, we have identified &amp; characterized the virus and developed two effective and safe vaccines and started to administer them. \n \nWe have to stop and appreciate this breathtaking accomplishment.",0
covid_267,267,0.0,0.0,0.0,@camrynglasgow @HeidiKayAZ @GavinNewsom @Disneyland This. Also Orange County has to be in the yellow stage. In order to achieve that everyone needs to wear a mask and listen to guidelines. If we all work together we can reopen the economy faster.,0
covid_268,268,0.0,0.0,0.0,SHUT DOWN LA GOV ASAP! County covid case tracking; only 3.1% of the total confirmed cases can be traced to bars &amp; restaurants; 7.27% traced to government offices &amp; agencies.,0
covid_269,269,0.0,0.0,0.0,Wear a mask. Vote for Biden. Be nice.,0
covid_270,270,1.0,1.0,1.0,"Every week #Desantis trends because people are angry that Floridians are happy and free. Looking at the unfruitful lockdowns of California, there are absolutely no metrics to justify their anger. \n \nDemocrats want more people to suffer in isolation and loneliness, just because.",1
covid_271,271,0.0,0.0,0.0,Retweeting this because: \n#WearADamnMask \n#WearAMask,0
covid_272,272,0.0,1.0,1.0,"@julietast2 @William31324793 @yinonw 😂😂😂 tens of thousands of nurses have been laid off throughout the country. Your literally talking out of your ass right now. Have you even reviewed the lockdown studies to determine their efficacy, or are you making assumptions based off what you’ve been told?",1
covid_273,273,0.0,0.0,0.0,"Because of people who refuse to wear a mask, myself and much of the U.S. military will not be traveling home for the holidays this year to see our families that we have not seen in months, due to COVID spikes and travel restrictions. \n \nWay to support the troops, MAGA!",0
covid_274,274,0.0,0.0,0.0,"More Americans died of COVID19 today than died on 9/11. \n \nAfter that horrendous attack, we restructured our way of life &amp; accepted limits on our freedoms to combat the threat of terrorism. \n \n9/11 was one day. COVID is everyday. \n \nBe a patriot. Wear a mask. Help us end this pandemic.",0
covid_275,275,0.0,0.0,0.0,Pfizer picks Texas for COVID-19 vaccine pilot delivery program. \n \nPfizer announced last week that its COVID-19 vaccine was shown to be 90% effective. \n \nTexas is prepared for swift distribution of this life saving vaccine. \n \n via @KVUE,0
covid_276,276,1.0,1.0,1.0,@Matt_Zawadzki Q'd \nI will not wear a mask.,1
covid_277,277,0.0,0.0,0.0,Someone should speak with the owners at #FirestoneGrill. Absolutely LOVE the place but there is no social distancing and seating is literally back-to-back. @ShareSLO_,0
covid_278,278,1.0,0.0,1.0,"When can we stop Covid testing? What's the point of them? There's no vaccine and most people just get sent home and recover... I'm way passed fatigued with this \ pandemic\"".""",0
covid_279,279,0.0,0.0,0.0,#WEWS explored #Ohio's plan to vaccinate this population last week when it became clear that the state was relying on the honor system to vaccinate people with these conditions. \n \n#COVID #vaccine,0
covid_280,280,0.0,0.0,0.0,"Taxpayers paid for 100% of Moderna’s COVID-19 vaccine development. \n \n*We paid $2,500,000,000* \n \nIt absolutely must be made a public good that is free and available to everyone around the world. \n \nThis is the people's vaccine. Not Big Pharma's.",0
covid_281,281,0.0,0.0,0.0,@JaeaGeep @Sparks80079110 @guayuvin40 @unity_forever2 @CDCgov Fauci looks like he is working against America and he even does not wear his mask properly (photo of Dr. Fauci at a baseball game).,0
covid_282,282,0.0,0.0,0.0,Joe Biden complains COVID-19 vaccine roll-out is 'falling behind' and vaccinating U.S. could take 'years',0
covid_283,283,0.0,0.0,0.0,"Based on their age, last night my Dad and 2 grandparents from Sacramento were able to make appts for their 1st Moderna COVID19 vaccine dose for Sat. \n \nI hope it goes according to plan. My grandparents only speak Mandarin and it’s not a drive-thru site. 🙏",0
covid_284,284,1.0,1.0,1.0,We have a vaccine. \n \nOPEN UP THE ECONOMY IMMEDIATELY! \n \nAnd don’t vote for any of these lockdown politicians ever again.,1
covid_285,285,1.0,1.0,1.0,"@celinacarney76 @piersmorgan Why in the world would you want to mandate a vaccine (that's really not a vaccine) that is still in the trial phase, and has caused much damage already, when very effective and inexpensive medications exist that cure Covid?",1
covid_286,286,0.0,0.0,0.0,"UH OH—Top Glove, the world’s largest manufacturer of latex gloves, will shut down more than half its factories after nearly 2,500 of its workers (42% positivity) tested positive for #COVID19 amidst a surge in demand for its gloves.",0
covid_287,287,0.0,0.0,0.0,The coronavirus won't be under control in the US until a vaccine is available. People are just too self-interested here.,0
covid_288,288,0.0,0.0,0.0,"COVID-19 is disproportionately killing Black, brown, and Indigenous people. The vaccine rollout program is disproportionately favoring white people. \n \nThis is structural racism in action.",0
covid_289,289,0.0,1.0,1.0,US Sheriffs Refusing to Enforce Covid-19 Thanksgiving Lockdowns via @WattsUpWithThat,1
covid_290,290,0.0,0.0,0.0,"My sister was just diagnosed with Covid. She's a HS teacher here in GA. In room classes. No masks required. She's been wearing hers, but she's only one of a few. She's in the night sweats, loss of taste and smell and horrific headache stage. \nWEAR A DAMN MASK",0
covid_291,291,0.0,1.0,0.0,"US Capitol, Washington D.C. on lockdown as Trump supporters breach building",1
covid_292,292,0.0,0.0,0.0,Joe Biden: “Let's set partisanship aside. Let’s end the politics and follow the science … wearing a mask is not a political statement. It’s a scientific recommendation. Social distancing isn't a political statement. It’s a scientific recommendation.”,0
covid_293,293,1.0,0.0,1.0,"Facebook CEO Zuckerberg Expresses Concern About COVID-19 Vaccines in Leaked Footage..In true form of a Liberal says one thing behind closed doors another in open Forum! Concerns over altered DNA, RNA and side affects in future!",0
covid_294,294,0.0,0.0,0.0,Palestinians: We didn't ask Israel for COVID-19 vaccine,0
covid_295,295,0.0,0.0,0.0,"Don't check with public health experts for advice on neuroradiology. Do check with us about mask mandates. @ResolveTSL did a rigorous review last week. \Mask mandates, together with other mitigation measures, contribute to control the COVID-19 pandemic.\""""",0
covid_296,296,0.0,0.0,0.0,"You have no idea the Hell you put us through, Governor! Your 3/25 mandate putting COVID patients into nursing homes killed our families and we aren’t going away! We will never stop fighting you and the heartache you unleashed upon the innocent families grieving unimaginable loss!",0
covid_298,298,0.0,0.0,0.0,"I’ll be receiving the #CovidVaccine later this afternoon. It’s a day mixed with emotions but I’m happy this day has come. Let’s spread the word, get people vaccinated, and turn the tide on this pandemic! \n#RightToBareArms 💪🏾",0
covid_299,299,0.0,0.0,0.0,"Keith \Poncho\"" Jones, 64yo LPN, at a Langhorne, PA nursing home, died of #covid19 on 5/9. He was in the Navy for 26 years, and a father to 7- his funeral was the day before his son's high school graduation. #healthcareheroes #getusppe #WearAMask""",0
covid_300,300,0.0,0.0,0.0,"@FoxNews In the middle of a pandemic that the failed to control because the refused to wear masks, this is what Republicans do. Everyone of them in Congress should have their healthcare taken too.",0
covid_301,301,1.0,1.0,1.0,"#ontariolockdown We can't gather in groups of 6. \n \nBut #NHL #Walmart #Marijuanastocks #liquor stores etc. all good? \n \nIt's about control. Wake up! \n \nWatch \The Mask-erade\"" most important song video I have to offer now, &amp; please hit the +++ on Rumble.🎸🇺🇸🇨🇦""",1
covid_302,302,0.0,0.0,0.0,"In a new study of mask usage published by the American Institute of Physics, researchers found that if 70% of people wore masks, the pandemic would be \eradicated.\""""",0
covid_303,303,0.0,0.0,1.0,"3/ “Outstanding study”... “study &amp; its size are unique in the world, &amp; purpose was once &amp; for all to try to clarify the extent to which the use of masks in public space provides protection against corona infection\"" 0 0 0 AP: Brazil's Bolsonaro rejects Chinese vaccine against COVID-19, says citizens won't be guinea pig""",0
covid_304,304,0.0,0.0,0.0,"BREAKING: \n \n📌Florida Governor @RonDeSantisFL says he will stop cities from collecting fines for refusing to wear a mask, effectively nullifying mask mandates \n \n📌All bars &amp; restaurants open at 100% capacity, ~ @GovRonDeSantis. \n \n➡️ This epidemiologist wants puke again. #Covid19",0
covid_305,305,0.0,0.0,0.0,"This morning we announced the expansion of vaccine deployment to 56 additional @Publix pharmacies in Flagler, St. Johns, Volusia and Collier counties. This brings us to more than 100 @Publix pharmacies offering COVID-19 vaccines across 12 counties in Florida.",0
covid_306,306,0.0,0.0,0.0,"🇩🇪🇺🇸 The vaccine is the product of a German-American partnership. Germany’s BioNTech, founded by two children of Turkish immigrants, partnered with America’s Pfizer, led by a Greek-born CEO, to produce the coronavirus vaccine. Glad to help.",0
covid_307,307,0.0,0.0,0.0,"There needs to be a database of Republicans who aren't worried about #Covid19 so they can be the last to be vaccinated, if they even believe in vaccines.",0
covid_308,308,0.0,0.0,0.0,"no social distancing and few masks in sight. idiots, how do people like them exist it just doesn’t compute for me",0
covid_309,309,1.0,1.0,0.0,One reason we're seeing a spike in COVID and more draconian lockdowns and bans is because they didn't think we were going to fight back this hard when the election was stolen from us.,1
covid_310,310,0.0,1.0,1.0,"Wait 6 months under lockdown and our American government grudgingly doles out 600 bucks and wants their ring kissed by giving out 1400 instead of 2000 they promised if two Georgia senators were elected, in maybe April. Funny how you get what you vote for.",1
covid_311,311,1.0,1.0,1.0,Never comply with another lockdown. \n \nYou’re a free American and politicians work for you.,1
covid_312,312,0.0,1.0,1.0,"COVID now 4th largest mass casualty event in US history. Topped only by the Civil War, WWII, 1918 flu pandemic.",1
covid_313,313,1.0,1.0,1.0,Breaking news per CNN...Astrazeneca pauses coronavirus vaccine trial after unexplained illness in volunteer. As I've said before....PASS!,1
covid_314,314,0.0,1.0,0.0,"The White House on lockdown: A federal law enforcement source tells NBC that beginning tomorrow, crews will build a “non-scalable” fence to secure the WH complex, Ellipse and Lafayette Square. \n \n250 National Guardsmen have been put on standby, reporting to Metro Police officials.",1
covid_315,315,0.0,0.0,1.0,The pandemic isn’t over. We need to act collectively to take care of our #ATX community. \n \n🩺 Get tested \n😷 Wear a facemask \n👬 Practice social distancing \n💉 Get your flu shot,0
covid_316,316,0.0,0.0,0.0,The #coronavirusvaccine wasn't the only amazing discovery: A look at all the ways #science thrived in 2020,0
covid_317,317,0.0,0.0,0.0,"For everyone who wonders, “How can WI be such a razor thin margin state? How can it STILL be so close? This is why. The same people who won’t wear a mask or stay away from bars and large gatherings are the same people who vote for Trump.",0
covid_318,318,0.0,0.0,0.0,"Get your #COVID19 vaccine when you are able! As Dr. Fauci said, “...viruses cannot mutate if they don’t replicate.” Stop the spread of COVID19! \n \n#ThisIsOurShot #pandemic #VaccinesSaveLives \n \n@ThisIsOurShot @AlexMMTri @DrLindaMD @Nakhasi_MD @msashas @DrIanWeissman @WendyHassonMD",0
covid_319,319,0.0,0.0,0.0,Well I'm not surprised Trump tested positive for Covid - the guy's in 5 major risk groups! \n \n1) He's elderly \n2) He's obese \n3) He's got a public sector job \n4) He's a person of color \n5) He's poor. \n \n#PrayForTrump \nto \n#WearADamnMask,0
