item_id,text,gt_issue
109_22,covid,Coronavirus
146_22,Economic Loss due to Brexit,europe
540_23,Cost of living,living costs
694_23,Environment/climate change,environment
696_23,Climate change,environment
765_22,Economy,economy-general
891_22,Immigration,immigration
982_23,Economy,economy-general
986_23,War in Ukraine,war
1059_23,economy,economy-general
1123_23,Inflation,inflation
1225_22,Coping with Brexit,europe
1333_22,Impact of Covid,Coronavirus
1486_22,illegal immigration,immigration
1551_22,Relationship with the EU,europe
1696_23,Inflation,inflation
1781_22,The economy,economy-general
1802_22,Prioritising concerns such as health care and climate change over private enterprise and profit,health
1811_23,Cost of living,living costs
2032_21,Coronavirus,Coronavirus
2186_22,THE POOR QUALITY OF GOVERNMENT,pol-neg
2551_23,Inflation,inflation
2655_21,Covid,Coronavirus
2686_22,Covid,Coronavirus
2737_23,Boats crossing channel,immigration
2764_21,Nhs,health
2835_21,corruption,pol-neg
2870_23,Cost of living rise,living costs
2875_22,The continuing negative effects from brexit,europe
2894_23,Food and heating,living costs
2958_22,Covid 19,Coronavirus
2967_23,The failed government,pol-neg
3148_22,SLEEZE,pol-neg
3215_22,Economy,economy-general
3315_23,Cost of living,living costs
3386_23,Putin,foreign affairs
3500_23,Immigration,immigration
3609_23,Housing,housing
3623_21,Economic recovery,economy-general
3699_21,Covid,Coronavirus
3899_23,Illegal immigrants,immigration
3994_22,Immigration,immigration
4289_23,inflation,inflation
4352_21,coronavirus,Coronavirus
4537_23,the economy,economy-general
4744_23,cost of living crisis,living costs
4785_22,Covid,Coronavirus
4817_23,Cost of living,living costs
4885_21,COVID,Coronavirus
4955_22,Cv19,Coronavirus
5002_22,Covid 19,Coronavirus
5042_22,Covid,Coronavirus
5072_23,costs of living,living costs
5208_22,COVID-19,Coronavirus
5240_23,Household bills,living costs
5269_21,economy,economy-general
5523_21,Coronavirus,Coronavirus
5574_23,Cost of living,living costs
5589_23,Cost Of Livinf Crisis and inflation,living costs
5948_22,Knife crime,crime
6032_23,Poverty,poverty
6285_23,Covid,Coronavirus
6297_23,Boris Johnson,partisan-neg
6388_22,Covid 19,Coronavirus
6413_23,The cost of living crisis,living costs
6422_22,The Economy,economy-general
6505_21,covid,Coronavirus
6597_23,cost of living,living costs
6700_21,Economy,economy-general
6766_23,economy,economy-general
6913_23,The economy,economy-general
7022_22,Covid,Coronavirus
7090_23,Cost of living crisis,living costs
7503_23,Environment,environment
7511_21,Incompetence of the current government,pol-neg
7601_23,Energy costs,living costs
7686_22,Coronavirus,Coronavirus
7729_23,Economy,economy-general
7747_21,covid,Coronavirus
7789_23,collapse of ethical/moral standards in public life,pol-neg
7796_23,western defence,defence
7958_22,Covid,Coronavirus
7965_22,COVID,Coronavirus
7984_21,The economy,economy-general
8426_21,recovering from covid,Coronavirus
8712_22,Underfunded public services,austerity
8804_21,Coronavirus,Coronavirus
8817_23,Russia,foreign affairs
9233_22,COVID,Coronavirus
9305_22,Collapse of the NHS,health
9427_22,Covid,Coronavirus
9464_22,Housing,housing
9642_22,Covid 19,Coronavirus
9792_23,economy,economy-general
9995_23,Inflation regarding ability to survive,inflation
10041_23,Cost of living,living costs
10239_23,cost of living,living costs
10536_22,Covid 19 Omicron variant,Coronavirus
10664_21,Covid,Coronavirus
10702_21,Recovering from the virus,Coronavirus
10937_22,Covid,Coronavirus
11001_23,Cost of Energy,living costs
11008_23,price of energy,living costs
11168_23,Economy,economy-general
11168_21,Covid-19,Coronavirus
11186_23,Economy,economy-general
11187_22,Boris Johnson,partisan-neg
11472_21,Covid,Coronavirus
11517_22,The useless government,pol-neg
11553_23,Cost of living,living costs
11675_22,COVID,Coronavirus
11781_21,Coronavirus,Coronavirus
11783_23,Effects of the war in Ukraine,war
11826_23,Cost of living crisis,living costs
12319_21,Covid,Coronavirus
12456_23,Cost of living,living costs
12718_22,Brexit,europe
12773_23,An untrustworthy government,partisan-neg
12828_22,Covid,Coronavirus
13283_21,Pandemic,Coronavirus
13558_23,Climate chnage,environment
13603_22,Covid,Coronavirus
13701_21,NHS,health
13727_22,Peak Oil / Energy crisis,environment
13845_23,Affordability,living costs
13849_21,covid,Coronavirus
13940_22,COVID,Coronavirus
14120_21,Covid-19,Coronavirus
14252_23,Economy,economy-general
14252_21,Control of the pandemic,Coronavirus
14373_21,recovery of the economy after covid,COVID-economy
14455_22,Covid,Coronavirus
14564_21,covid,Coronavirus
14614_21,Climate change,environment
14742_21,Immigrants,immigration
15154_23,The economy,economy-general
15319_21,COVID-19,Coronavirus
15438_23,Inequality,inequality
15467_22,Pensions,pensions/ageing
15473_21,covid 19,Coronavirus
15483_23,Inept Government,pol-neg
15594_23,Cost of libing,living costs
15611_23,Economy,economy-general
15812_22,Appalling level of old age pension and treatment of pensioners.,pensions/ageing
15831_22,Immigration,immigration
15907_23,the economy,economy-general
15913_22,Coronovirus,Coronavirus
15990_23,illegal migrants,immigration
16080_21,Covid 19,Coronavirus
16087_22,Climate change,environment
16327_22,The econoomy post-COVID and post-Brexit,economy-general
16556_23,Cost of living,living costs
16674_22,This lying cheating dishonest government,pol-neg
16701_23,War in Ukraine,war
16773_23,Peace,war
16896_22,Border Control,immigration
16989_21,covid,Coronavirus
17117_21,COVID-19,Coronavirus
17196_22,Covid pandemic,Coronavirus
17236_21,crime,crime
17250_21,Covid 19,Coronavirus
17269_21,COVID,Coronavirus
17291_22,Covid 19 and the variants,Coronavirus
17311_21,social care,pensions/ageing
17338_21,women's rights and losing ladies loos and safe spaces,pol value-auth
17518_21,Pandemic,Coronavirus
17639_23,Economic state of the country,economy-general
17803_23,rising prices/cost of living,living costs
17819_21,COVID,Coronavirus
17920_22,covid 19,Coronavirus
17951_22,immigration,immigration
17994_22,brexit,europe
18007_23,Immigration,immigration
18368_23,Cost of living.,living costs
18852_21,"Keeping covid at bay,unlocking the country",Coronavirus
19214_22,Immigration,immigration
19245_22,Migrants,immigration
19355_22,coved19,Coronavirus
19374_21,Multiculturalism,"nat ident, goals-loss"
19826_23,Russia invading Ukraine,war
19984_22,Covid,Coronavirus
20649_21,the virus,Coronavirus
20827_22,Covid,Coronavirus
21043_23,Russias aggressive stance with the uk,foreign affairs
21196_22,Covid,Coronavirus
21199_22,Covid,Coronavirus
21682_22,THE ECONOMY,economy-general
21886_21,uk government corruption,pol-neg
21963_22,immigration,immigration
22086_21,underlying health probems that have not been dealt with during the pandemic,health
22263_22,Economy,economy-general
22328_21,co vid,Coronavirus
22374_21,Immigration,immigration
22488_21,Covid,Coronavirus
22499_21,covid,Coronavirus
22527_23,"Russian threats, physical and to food supplies",foreign affairs
22740_22,underfunded nhs,health
22851_22,Government leadership,pol-neg
22994_23,Terrorist,terrorism
22996_21,COVID,Coronavirus
23115_22,coronavirus,Coronavirus
23135_23,inflation,inflation
23179_23,cost of living,living costs
23709_22,Brexit,europe
23863_21,Recovery from covid,Coronavirus
23968_23,Corruption in parliament,pol-neg
23982_23,Climate crisis,environment
24074_22,Covid,Coronavirus
24156_22,climate change,environment
24172_23,finanaces,economy-personal
24183_23,Cost of living,living costs
24414_23,imigration,immigration
25110_23,Energy costs,living costs
25360_22,dealing with the pandemic,Coronavirus
25451_22,immigration,immigration
25451_23,cost of living energy prices,living costs
25632_21,Covid,Coronavirus
26087_23,Controlling inflation,Coronavirus
26179_22,Covid control,Coronavirus
26277_22,immigration,immigration
26431_23,Living costs,living costs
26447_22,Covid,Coronavirus
26620_22,the economy,economy-general
26789_21,Polical Correctness gone crazy,pol value-auth
26803_22,COVID 19,Coronavirus
26812_23,Financial situations,economy-general
27072_21,Crime,crime
27224_21,Covid,Coronavirus
27446_22,Pandemic,Coronavirus
27694_21,covid,Coronavirus
27782_23,rejoining the eu,europe
28253_23,Economy,economy-general
28318_23,Economy,economy-general
28460_22,Civid,Coronavirus
28568_21,Covid,Coronavirus
29177_22,covid,Coronavirus
29356_22,Illegal immigration,immigration
29388_23,Cost of Living,living costs
29624_21,the Covid vaccinations,Coronavirus
29908_21,Covid19,Coronavirus
30771_22,Health Service,health
30825_21,COVID-19,Coronavirus
30928_22,Covid,Coronavirus
31140_21,Covid affecting the economy,COVID-economy
31268_21,The pandemic,Coronavirus
31289_23,The economy,economy-general
31454_22,covid,Coronavirus
31494_23,consequences of brexit/Russian aggression,europe
31642_21,covid,Coronavirus
31720_23,Cost of Living,living costs
31797_23,cost of living,living costs
32342_21,Recovery from pandemic,Coronavirus
32552_21,Economy,economy-general
32707_21,Covid19,Coronavirus
32833_23,Rising costs,living costs
32958_23,Inflation,inflation
33139_22,COVID pandemic,Coronavirus
33261_21,state of the Union,scot-ind
33998_22,climate change,environment
34225_22,Rise in living costs,living costs
34369_23,Division,societal divides
34381_22,Brexit & Covid,europe
34734_23,N.Ireland Protocol,europe
34792_22,Covid,Coronavirus
34956_23,Cost of Living,living costs
34958_23,Cost of living/inflation,living costs
35531_23,world instability initiated by Russia,foreign affairs
35647_23,Inequality,inequality
36172_21,Covid,Coronavirus
36438_22,The economy,economy-general
36598_21,Covid,Coronavirus
36803_21,brexit,europe
36859_21,Covid,Coronavirus
37883_22,A dysfunctional and corrupt Goverment,partisan-neg
37939_22,Coronavirus,Coronavirus
37940_23,Terrorism,terrorism
37961_21,The corrupt government,pol-neg
37966_22,lack of a government,pol-neg
37971_23,Affordable housing,housing
38192_23,Cost of living,living costs
38221_21,COVID-19,Coronavirus
38273_22,covid,Coronavirus
38370_22,Covid,Coronavirus
38536_23,Economy,economy-general
38544_22,Covid,Coronavirus
38632_23,Energy prices,living costs
38819_21,Economy,economy-general
38953_21,Corona virus,Coronavirus
39086_21,The economy due to Covid-19,COVID-economy
39177_21,covid,Coronavirus
39308_23,Cost of living,living costs
39322_21,covid,Coronavirus
39392_21,illegal migrants,immigration
39475_22,Immigration,immigration
39732_21,Covid,Coronavirus
39746_23,Cost of living,living costs
39887_22,pandemic,Coronavirus
39969_22,Protestors that ignore the facts.,pol value-auth
40386_22,omnicrom virus,Coronavirus
40487_22,Covid,Coronavirus
40629_23,Cost of living,living costs
40740_22,healthcare,health
40820_21,covid,Coronavirus
41164_22,covid,Coronavirus
41306_23,economy,economy-general
41346_21,coronoa virus,Coronavirus
41747_22,Climate change,environment
41747_23,Climate change,environment
41837_21,economy,economy-general
42145_21,Covid,Coronavirus
42349_22,the new covid,Coronavirus
43048_23,Conservative government,partisan-neg
43109_21,Covid,Coronavirus
43141_22,Covid-19,Coronavirus
43170_23,The Environment,environment
43203_23,debt,debt/deficit
43254_23,Cost of Living,living costs
43317_23,Overpopulation,other
43354_21,economic recovery,economy-general
43477_23,War in Ukraine,war
43558_22,The useless Prime Minister,pol-neg
43619_23,Becoming more self-sufficient in energy and food,environment
43639_21,Economy,economy-general
43927_21,Covid,Coronavirus
43932_23,The rising cost of living,living costs
43958_21,Covid 19,Coronavirus
43959_23,Economy,economy-general
44010_21,Covid,Coronavirus
44202_21,NHS,health
44266_22,covid,Coronavirus
44316_21,COVID 19,Coronavirus
44415_23,Economy,economy-general
44451_21,Covid,Coronavirus
44603_21,Blocking the Police & Crime bill,pol values-liberal
44627_21,Recovering from Coronavirus,Coronavirus
44638_22,Covid,Coronavirus
44751_22,virus,Coronavirus
44838_22,Selfishness and greed,uncoded
45029_22,immigraation,immigration
45088_21,COVID-19,Coronavirus
45171_23,Brexit,europe
45300_22,covid,Coronavirus
45303_21,The pandemic,Coronavirus
45303_22,Covid 19,Coronavirus
45323_23,Cost of living,living costs
45347_23,price increases,living costs
45551_22,Covid,Coronavirus
45621_23,Climate change,environment
45646_22,Corona virus pandemic,Coronavirus
45775_21,Covid,Coronavirus
45841_22,COVID,Coronavirus
45919_23,Cost of living,living costs
45927_21,Coronavirus,Coronavirus
46223_22,Health,health
46323_23,Poverty,poverty
46528_21,Covid,Coronavirus
46579_21,War,war
46833_21,covid 19,Coronavirus
46859_21,inequality,inequality
46876_21,Economy,economy-general
46920_23,Security (cyber and nuclear),defence
47074_21,COVID-19,Coronavirus
47102_22,Covid,Coronavirus
47134_23,Covid,Coronavirus
47183_22,NHS,health
47184_22,covid restrictions,Coronavirus
47287_21,covid,Coronavirus
47334_23,Climate change,environment
47386_21,Pandemic,Coronavirus
47429_21,Covid-19,Coronavirus
47479_21,eradicating Covid,Coronavirus
47485_22,Covid 19,Coronavirus
47511_23,Cost of living,living costs
47699_22,Our prime minister,pol-neg
47702_22,Immigration,immigration
47729_23,Price of oil,living costs
47812_23,Covid,Coronavirus
47963_23,Cost of living,living costs
48083_22,Covid,Coronavirus
48953_21,Covid-19,Coronavirus
49039_21,COVID 19,Coronavirus
49152_22,Covid and it's repercussions,Coronavirus
49210_21,woke and cancel culture dangerous ideology as bad as any terrorists,pol value-auth
49235_23,ECONOMY RISING PRICES,living costs
49335_23,Energy prices,living costs
50283_22,Covid,Coronavirus
50565_22,Everything,uncoded
50725_23,Cost of living,living costs
51005_22,Covid omicron,Coronavirus
51207_22,Broken government promises and wasteful spending,partisan-neg
51253_22,Covid-19,Coronavirus
51263_22,covid,Coronavirus
51290_23,inflation,inflation
51489_23,Economy,economy-general
51621_22,Government control over our lives,pol-neg
51646_21,Covid,Coronavirus
51790_23,War in ukraine,war
51962_21,Coronavirus,Coronavirus
51992_22,Brexit,europe
52051_21,Pandemic,Coronavirus
52226_23,The cost of living,living costs
52333_22,Government unfit for purpose,pol-neg
52347_22,covid,Coronavirus
52397_21,Climate change,environment
52422_21,Covid-19,Coronavirus
52630_21,COVID,Coronavirus
52672_21,brexit,europe
52687_21,Economy,economy-general
52805_21,Covid,Coronavirus
52919_23,Cost of Living,living costs
53055_22,Immigration,immigration
53146_21,covid,Coronavirus
53204_23,Inflation,inflation
53256_22,Elitism and corruption,pol-neg
53327_21,covid,Coronavirus
53395_21,Unemployment,unemployment
53400_22,Coronavirus,Coronavirus
53530_23,cost of living,living costs
53552_21,unemployement,unemployment
53683_22,The government,pol-neg
53695_22,illegal asylum seekers,asylum
53721_23,Infkation,inflation
53736_21,jobs,unemployment
53746_23,Incompetent & dishonest government,pol-neg
54001_23,The state the UK is in,pol-neg
54375_23,The economy,economy-general
54567_21,The Pandemic,Coronavirus
54600_22,Covid,Coronavirus
54662_22,Covid,Coronavirus
54686_22,coronavirus,Coronavirus
54793_23,rising prices,living costs
54839_22,Covid,Coronavirus
55182_23,Knife crime,crime
55216_23,nhs,health
55305_22,Covid,Coronavirus
55337_22,Covid,Coronavirus
55520_21,pandemic,Coronavirus
55652_23,pensioners struggling to pay their bills,pensions/ageing
55855_23,It's government. Or lack of,pol-neg
55946_22,Pandemic,Coronavirus
56001_22,Covid,Coronavirus
56020_21,Tories,partisan-neg
56023_22,Covid,Coronavirus
56046_23,Immigration,immigration
56121_22,Covid,Coronavirus
56164_23,Economy,economy-general
56175_21,covid,Coronavirus
56180_22,Covid 19,Coronavirus
56527_22,covid,Coronavirus
56562_21,EU aggression,europe
56760_21,coronavirus,Coronavirus
56813_21,Pending unemployment,unemployment
56817_22,Covid,Coronavirus
56887_23,Cost of fuel,living costs
57190_22,Covid,Coronavirus
57212_22,Covid,Coronavirus
57297_22,immigration,immigration
57505_22,terrorism,terrorism
57684_22,Housing,housing
57775_22,COVID Issues,Coronavirus
57777_23,Cost of living crisis,living costs
57971_23,Cost of living,living costs
58084_21,Covid,Coronavirus
58204_22,covid,Coronavirus
58337_22,Economy,economy-general
58337_23,Rising cost of living,living costs
58365_22,The Economy,economy-general
58401_21,covid 19,Coronavirus
58426_23,Illegal immigration,immigration
58452_23,Health care & staff,health
58457_23,Climate Change,environment
58551_21,The economy.,economy-general
58814_21,Covid,Coronavirus
58900_23,The Conservative Government eroding democracy.,partisan-neg
58937_21,Covid,Coronavirus
59036_23,Climate Change,environment
59098_23,NHS is a disaster,health
59146_21,Lack of choice in medical alternatives within nhs,health
59235_21,Unemployment,unemployment
59330_23,Ukraine,foreign affairs
59408_23,world-wide inflation,inflation
59499_21,Covid,Coronavirus
59640_23,dishonest politicians,pol-neg
59645_21,Recovery from Covid-19,Coronavirus
59670_22,Coronavirus,Coronavirus
59837_22,The various consequences of the virus,Coronavirus
59878_22,NHS,health
59953_23,Boris Johnson,partisan-neg
60135_21,climate change,environment
60164_22,The economy,economy-general
60433_21,COVID-19,Coronavirus
60755_22,COVID 19,Coronavirus
60933_21,Covid,Coronavirus
61070_23,Inflation,inflation
61169_21,Covid,Coronavirus
61439_23,Gas and electric price rise,living costs
61500_22,covid,Coronavirus
61796_22,Brexit,europe
61833_22,Climate Change,environment
61843_22,NHS privatisation,health
62017_22,COVID 19,Coronavirus
62138_21,covid,Coronavirus
62167_22,Covid,Coronavirus
62325_23,The economy and cost of living,economy-general
62558_22,Unknown future,uncoded
62582_23,Russia/Ukraine conflict,war
62616_22,Covid,Coronavirus
62697_22,Covid,Coronavirus
62929_22,Covid 19,Coronavirus
62938_23,Getting rid of Boris Johnson,partisan-neg
63143_21,The Brexit deal,europe
63287_23,economy,economy-general
63356_22,Coronavirus,Coronavirus
63421_21,Covid,Coronavirus
63543_22,Covid,Coronavirus
63644_21,Environment,environment
64638_23,The Conservative government,partisan-neg
65058_21,Covid,Coronavirus
65265_22,Covid 19,Coronavirus
65317_22,Covid,Coronavirus
65419_22,Covid restrictions,Coronavirus
65419_21,Coronavirus recovery,Coronavirus
65476_21,COVID pandemic,Coronavirus
65557_23,crime,crime
65575_21,Covid,Coronavirus
65648_23,Inflation,inflation
65675_21,NHS,health
65895_22,Coronavirus,Coronavirus
65918_23,inflation,inflation
65931_21,Economy,economy-general
65968_23,ENERGY PRICE RISE,living costs
66261_21,Poverty,poverty
66658_23,Peoples sex. Not gender identity. This matters to women.,pol value-auth
66678_23,Energy prices,living costs
66736_21,Covid,Coronavirus
66746_23,Too meny to mension,uncoded
67273_23,Rising living costs,living costs
67663_22,Health Service,health
67706_21,economy,economy-general
67716_21,Covid,Coronavirus
67939_23,climate change,environment
68026_21,pandemic,Coronavirus
68097_21,Covid 19,Coronavirus
68210_21,covid,Coronavirus
68221_22,Covid-19,Coronavirus
68262_21,covid,Coronavirus
68275_21,Economy needs to recover,economy-general
68862_21,Covid,Coronavirus
69145_23,Cost of living,living costs
69475_23,the cost of living,living costs
70002_22,Immigration,immigration
70075_21,Housing,housing
70187_23,Cost of living,living costs
70203_21,Covid variant,Coronavirus
70214_22,Covid,Coronavirus
70257_22,Crime and lack of community,crime
70313_23,War in Ukraine,war
70415_23,Immigration,immigration
70423_23,Cost of living crisis,living costs
70442_21,Coronavirus,Coronavirus
70465_21,Government,pol-neg
70522_22,Covid,Coronavirus
70698_23,Inflation,inflation
70805_21,The economy,economy-general
70843_21,Immigration and over population,immigration
70914_23,Russia,foreign affairs
70956_23,Protecting the environment,environment
70974_23,NHS waiting lists,health
71094_21,Covid,Coronavirus
71141_23,Immigration,immigration
71195_22,Overpopulation,other
71234_21,Recovery from Covid,Coronavirus
71301_23,idiots running the country,pol-neg
71392_22,the left,pol values-right
71707_21,population,uncoded
71746_21,Covid 19,Coronavirus
71808_23,Poverty,poverty
71857_23,Immigration,immigration
71880_22,Covid-19,Coronavirus
72005_21,covid 19,Coronavirus
72043_21,Covid-19 recovery,Coronavirus
72081_21,Covid,Coronavirus
72201_23,Cost of living,living costs
72312_22,Poor Government,pol-neg
72397_22,Covid 19,Coronavirus
72435_23,Overpopulation,other
72608_22,Climate change,environment
72714_22,Climate change,environment
72787_21,Getting the Tories out,partisan-neg
72791_23,Housing,housing
72799_21,Coronavirus,Coronavirus
72944_22,health,health
72959_23,Equality,inequality
72973_22,Government corruption,pol-neg
73033_22,Covid,Coronavirus
73107_23,Cost of living crisis,living costs
73129_21,Covid,Coronavirus
73418_22,Pandemic,Coronavirus
73445_21,Coronavirus,Coronavirus
73453_22,migrants,immigration
73555_23,Unity,societal divides
73816_22,Covid,Coronavirus
73927_23,Economy,economy-general
73937_22,Climate change,environment
74060_23,Poverty,poverty
74065_21,Climate change,environment
74432_21,Economy,economy-general
74670_22,Covid,Coronavirus
75044_22,COVID 19,Coronavirus
76048_21,Covid,Coronavirus
76115_21,environment,environment
76349_22,Immigration,immigration
76606_21,The EU,europe
76738_21,Crime,crime
76754_22,Covid,Coronavirus
76939_23,Education,education
76962_22,immigrants crossing the English Channel,immigration
77104_23,cost of living,living costs
77154_21,Virus,Coronavirus
77251_23,Cost of living,living costs
77381_21,Covid,Coronavirus
77439_22,Immigration,immigration
77606_21,Economy,economy-general
77715_21,Covid,Coronavirus
77788_22,Violent crime,crime
77997_21,Economic fallout from Brexit,europe
78030_23,Corina virus,Coronavirus
78110_21,Poor education and values for people with low income,pol value-auth
78155_21,PANDEMIC,Coronavirus
78195_22,Health,health
78223_23,Rising cost of living,living costs
78339_23,Cost of living,living costs
78521_23,Cost of living,living costs
78544_21,Debt,debt/deficit
78545_22,Climate change,environment
78546_23,Economy,economy-general
78554_22,Climate change,environment
78572_21,Crime,crime
78639_21,COVID-19,Coronavirus
78647_23,immigration,immigration
78783_22,Climate change,environment
78871_23,Cost of living,living costs
78898_21,COVID-19,Coronavirus
78950_21,covid,Coronavirus
79007_22,Covid,Coronavirus
79057_21,Covid,Coronavirus
79117_22,climate change,environment
79139_23,Economy,economy-general
79274_22,Covid,Coronavirus
79323_23,Electric prices,living costs
79403_23,"Inability to be self sufficient in manufacturing ,agriculture and energy",international trade
79634_23,Corruption,pol-neg
79650_21,Covid-19,Coronavirus
79699_23,Cost of living,living costs
79824_22,Global warming,environment
79865_22,Immigration,immigration
79951_21,Covid,Coronavirus
80058_21,Covid_19,Coronavirus
80075_22,Covid,Coronavirus
80203_21,safe release of covid restrictions,Coronavirus
80853_22,Climate change,environment
81037_21,economy,economy-general
81324_22,Illegal immigration,immigration
81450_22,covid,Coronavirus
81487_23,Economy & cost of living,living costs
81517_22,Brexit,europe
81521_23,Cost of Living,living costs
81651_21,Covid,Coronavirus
81793_21,Covid,Coronavirus
81892_21,Economic fallout from Brexit and CV19,COVID-economy
82039_22,Immigration,immigration
82058_21,Conservative Party Incompetence,partisan-neg
82288_22,Illegal immigration,immigration
82304_22,immigration,immigration
82498_23,Brexit,europe
82504_22,Crime,crime
82526_23,Inflation,inflation
82574_23,The economy,economy-general
82648_21,The PPE contract. scandal,pol-neg
82678_21,covid,Coronavirus
82743_23,Immigration,immigration
82868_21,Covid,Coronavirus
82879_21,Climate change,environment
82923_21,Health crisis,health
83025_23,A corrupt government removing our democracy,pol-neg
83085_21,health - fighting the Corona virus,Coronavirus
83405_21,Covid 19,Coronavirus
83433_21,Coronavirus,Coronavirus
83461_21,Health,health
83499_23,Putin,foreign affairs
83602_22,Poverty,poverty
83850_22,COVID,Coronavirus
83893_21,Coronavirus,Coronavirus
83927_23,Poverty,poverty
84049_23,The destruction of the country's economy and morals due to the racism and stupidity of Brexit,europe
84159_23,Climate change,environment
84178_23,Cost of living,living costs
84280_21,Opening country back up,Coronavirus
84381_23,Immigration,immigration
84567_21,Covid 19,Coronavirus
84668_22,C0vid,Coronavirus
84682_23,Energy prices,living costs
84754_21,welfare state,welfare
84837_22,coronavirus,Coronavirus
84860_23,economy,economy-general
84907_21,COVID-19,Coronavirus
85024_21,The government,pol-neg
85106_21,Financial recovery,economy-general
85168_21,EQUALITY,inequality
85239_21,Covid,Coronavirus
85293_23,inequality,inequality
85330_22,Brexit.,europe
85345_23,Inflation,inflation
85499_23,inflation,inflation
85522_23,Cost of living,living costs
85661_23,Inflation,inflation
85771_22,The economy,economy-general
85882_22,Conservative Government,partisan-neg
85913_23,Greed,uncoded
85924_23,economy,economy-general
85982_23,Cost of living,living costs
86102_22,The economy,economy-general
86111_22,Covid-19,Coronavirus
86149_21,Finances,economy-general
86156_22,Covid,Coronavirus
86158_22,The economy,economy-general
86212_21,Covid,Coronavirus
86247_21,COVID,Coronavirus
86265_23,Illegal immigration,immigration
86416_23,Economy,economy-general
86523_22,social care,pensions/ageing
86643_22,economy,economy-general
86685_23,Price increases,living costs
86686_23,Cost of living.,living costs
86690_22,Climate change,environment
86723_23,Cost of living,living costs
86743_23,economy recovery,economy-general
86820_22,Culture War,societal divides
87034_22,corvaire,Coronavirus
87052_23,Cost of Living,living costs
87078_23,Economy,economy-general
87399_22,Asylum seekers crossing channel,asylum
87415_21,Covid,Coronavirus
87463_23,Cost of living,living costs
87520_23,Brexit,europe
87804_23,Poverty that will lead to crime,poverty
87856_22,Covid,Coronavirus
87865_23,covid,Coronavirus
87947_23,Brexit,europe
87992_22,Imigrants,immigration
88018_21,Ecomomy,economy-general
88107_21,covid,Coronavirus
88108_22,Tory Rule,partisan-neg
88195_22,Covid 19,Coronavirus
88202_22,Immigration,immigration
88307_23,illegal immigration,immigration
88318_23,Cost of living,living costs
88427_23,Cost of living crisis,living costs
88734_23,The war in Ukraine,war
88970_21,Coronavirus,Coronavirus
89001_22,Corona virus,Coronavirus
89037_23,Rising prices,living costs
89066_22,Environmental,environment
89077_22,Covid,Coronavirus
89099_22,NHS,health
89271_21,Nhs,health
89274_21,Covid hoax,Coronavirus
89376_21,Covid,Coronavirus
89380_23,rising cost of living,living costs
89393_23,N H S,health
89416_21,Covid,Coronavirus
89544_21,Covid,Coronavirus
89782_22,Climate change,environment
89813_22,Corona virus,Coronavirus
89830_23,the economy,economy-general
89960_22,Economy,economy-general
90126_22,Covid-19,Coronavirus
90430_23,Cost of living,living costs
90492_21,Covid 19,Coronavirus
90629_21,Corona,Coronavirus
90697_22,Covid pandemic,Coronavirus
90719_22,Covid,Coronavirus
90797_22,Trust,pol-neg
91001_23,cost of living,living costs
91018_23,Partygate,pol-neg
91268_22,Coronavirus,Coronavirus
91321_23,Economy,economy-general
91329_21,Covid 19,Coronavirus
91371_23,Cost of living,living costs
91616_23,Information,uncoded
91716_23,Financial,economy-general
92247_22,covid,Coronavirus
92289_21,Covid 19,Coronavirus
92359_22,Covid 19,Coronavirus
92420_22,Migration across the English Channel,immigration
92692_22,Poverty,poverty
92735_21,Covid,Coronavirus
92847_23,THE ECONOMY,economy-general
93310_22,Tax,taxation
93361_21,Climate change,environment
93413_21,Brexit,europe
93479_21,Covid,Coronavirus
93697_22,Global warming,environment
93759_21,Covid,Coronavirus
94047_21,immigration,immigration
94215_22,Cost of living,living costs
94539_22,Covid 19,Coronavirus
94582_23,cost of living,living costs
95140_21,Coronavirus,Coronavirus
95173_23,Cost of living crisis,living costs
95266_22,Coronavirus,Coronavirus
95397_21,Human rights,pol values-liberal
95414_22,Covid spread,Coronavirus
95439_22,Covid,Coronavirus
95489_22,Covid,Coronavirus
95559_22,NHS,health
95654_21,Tory government,partisan-neg
95930_23,inflation,inflation
96212_23,Economy,economy-general
96217_22,violent crime,crime
96223_22,The economy,economy-general
96298_22,COVID,Coronavirus
96410_23,Poverty for the disabled,poverty
96461_21,Climate change,environment
96705_21,COVID,Coronavirus
96775_23,Inflation,inflation
96894_23,Wealth divide,inequality
96943_22,Covid,Coronavirus
96961_21,Coronavirus,Coronavirus
96963_22,Increasing prices,living costs
97033_23,the economy,economy-general
97324_22,Social care,pensions/ageing
97392_21,Lockdown,Coronavirus
97412_21,Economic recovery,economy-general
97542_21,Covid,Coronavirus
97676_22,Covid,Coronavirus
98259_23,Cost of living,living costs
98551_22,Covid,Coronavirus
98590_22,Cost of living,living costs
98649_22,Covid 19,Coronavirus
98681_22,homeless people,housing
98713_23,To many immigrants living in uk,immigration
98759_22,Covid,Coronavirus
98854_21,Covid,Coronavirus
99098_21,Covid-19,Coronavirus
99470_22,Covid19,Coronavirus
99472_21,Covid 19,Coronavirus
99622_21,Covid 19,Coronavirus
99686_21,Covid-19,Coronavirus
99738_22,Covid,Coronavirus
99792_23,Rising energy costs.,living costs
99802_21,economic recovery,economy-general
99815_23,Cost of Living increases,living costs
99835_21,Pollution,environment
99841_21,Covid,Coronavirus
99901_22,Brexit,europe
99908_21,Covid recovery,Coronavirus
100047_22,Climate change,environment
100140_23,Cost of living,living costs
100222_22,Covid,Coronavirus
100223_21,Covid,Coronavirus
100470_22,Inaction on climate change,environment
100701_23,Inflation,inflation
100818_23,increase in domestic energy,living costs
100837_23,Rising prices of food .fuel e.t.c,living costs
100894_21,Our calamitous exit from the EU and the inept contract.,europe
100980_23,Economy,economy-general
101017_21,Climate change,environment
101017_22,Global warming / Climate change,environment
101098_22,Crime,crime
101389_23,Inflation,inflation
101602_22,Political Correctness and lack of unity,pol value-auth
101805_21,covid,Coronavirus
101819_23,Price rises,living costs
101844_22,Wealth inequality,inequality
101891_21,effects of covid,Coronavirus
101892_22,COVID,Coronavirus
102011_22,Inflation,inflation
102060_23,Economy,economy-general
102060_21,Climate Change,environment
102118_21,Immigration,immigration
102145_23,Cost of Living,living costs
102321_23,Climate change,environment
102381_22,government interference in life,Coronavirus
102487_22,Coronavirus,Coronavirus
102535_23,Taxes,taxation
102631_21,Covid,Coronavirus
102763_23,Cost of living crisis,living costs
102789_23,the Ukraine conflict,war
102803_23,Inflation,inflation
102857_23,Illegal immigration,immigration
102999_21,Covid 19,Coronavirus
103040_21,Covid,Coronavirus
103063_21,Travel Industry Decline,COVID-economy
103139_22,Covid,Coronavirus
103179_21,Covid,Coronavirus
103228_22,NHS backlog,health
103263_21,COVD19,Coronavirus
103428_21,The coronavirus pandemic,Coronavirus
103503_21,Coronavurus,Coronavirus
103635_21,"CoViD recovery, Vaccine rollout,",Coronavirus
103656_21,COVID,Coronavirus
103750_23,Energy costs,living costs
103765_21,Covid,Coronavirus
103782_21,Corona virus,Coronavirus
103789_22,Covid pandemic,Coronavirus
103808_23,Cost of living increases,living costs
103834_22,Covid,Coronavirus
103845_23,Cost of living,living costs
103854_23,Cost of living and paying bills,living costs
103904_21,Covid,Coronavirus
103919_22,illegal immigrants,immigration
103952_23,Climate change,environment
103956_21,Covid-19,Coronavirus
103965_21,Covid,Coronavirus
103981_23,Cost of living,living costs
103983_23,Health,health
104015_21,Poverty,poverty
104047_21,Corona virus,Coronavirus
104133_21,covid,Coronavirus
104297_22,COVID-19,Coronavirus
104304_22,COVID,Coronavirus
104389_21,Coronavirus,Coronavirus
104407_21,Coronarvius,Coronavirus
104611_21,The costs of covid,COVID-economy
104628_21,Covid pandemic,Coronavirus
104704_23,economy,economy-general
104720_21,Povert,poverty
104720_23,Climate change,environment
104729_22,Corruption in government,pol-neg
104753_23,Cost of living,living costs
104754_21,Covid,Coronavirus
104817_21,Covid 19,Coronavirus
104853_21,Covid,Coronavirus
104870_21,covie vir 19,Coronavirus
104887_21,Climate change,environment
104891_21,Climate change,environment
105191_21,Poor justice system,crime
105264_22,That we do not dilute or poorly patch up our standards pre Brexit & pre Covid time - otherwise irreparable damage will be caused and will be difficult to claw any credibility back. This will affect ALL other issues,europe
105316_21,Covid 19,Coronavirus
105381_23,Fuel crisis,living costs
105441_22,Covid,Coronavirus
105447_21,Cover 19 Indian strain,Coronavirus
105491_22,Economy,economy-general
105533_21,Covid-19,Coronavirus
105534_21,Brexit,europe
105541_21,COVID 19,Coronavirus
105553_22,Boris Johnson,partisan-neg
105569_21,Covid,Coronavirus
105582_23,Scottish independence,scot-ind
105655_21,Covid 19,Coronavirus
105701_21,Economic decline due to Brexit,europe
105773_21,COVID,Coronavirus
105804_21,Inequality,inequality
105805_21,covid,Coronavirus
105812_22,The Uk Government,pol-neg
105819_21,Population growth,immigration
105859_21,Trade,international trade
105894_21,corona virus,Coronavirus
105894_22,covid,Coronavirus
105943_23,Peace,war
105986_21,Brexit,europe
106013_23,Putin's madness,foreign affairs
106259_23,Rising prices for living,living costs
106318_23,Economy,economy-general
106329_22,Crime,crime
106377_23,Cost of living crisis,living costs
106413_23,Economy,economy-general
106468_23,War in Ukraine,war
106560_22,The economy and job opportunities,economy-general
106616_23,The cost of living,living costs
106627_23,Economic,economy-general
106650_22,Brexit,europe
106651_22,CLIMATE CHANGE,environment
106766_23,Climate emergency,environment
106781_23,Economy,economy-general
106853_22,Government over reaction and continued control due to covid,Coronavirus
106905_22,Coronavirus,Coronavirus
106915_22,Economy,economy-general
107050_23,Rise in cost of living,living costs
107159_23,Cost of living,living costs
107254_23,War in Europe,war
107592_23,Cost of living,living costs
107603_23,Cost of living,living costs
107606_23,Immigration,immigration
107726_23,Cost of living,living costs
107768_23,The cost of living,living costs
107834_23,Money,economy-general
107849_23,cost of living going up,living costs
107879_23,The cost of living crisis,living costs
108316_23,Disbelief in the salvation of Jesus Christ,morals
108393_23,Unemployment,unemployment
108831_23,Corruption and persistent lies by government,pol-neg
108835_23,Cost of living,living costs
108841_23,Inflation and cost of living,inflation
109003_23,Energy prices,living costs
109054_23,War in Ukraine,war
109067_23,Increase in living prices,living costs
109072_23,food poverty,living costs
109196_23,"Rising prices in electricity, petrol etc",living costs
