source_id,source_event_text,text,gt_event_type
PLOVER-GSR01-AGREE-0001,agreed cooperate,Senior Hungarian and Romanian officials agreed on Wednesday that their countries should cooperate to encourage Romanian refugees in Hungary to return home.,AGREE
PLOVER-GSR01-AGREE-0002,agreed set up research center,"The Asia-Pacific Economic Cooperation (APEC) forum has agreed to set up an energy research center in Tokyo to further develop its regional energy projections, officials said Thursday.",AGREE
PLOVER-GSR01-AGREE-0003,agreed free-trade,"The United States and Jordan have agreed upon a new free-trade pact between the two countries, the White House announced Tuesday.",AGREE
PLOVER-GSR01-AGREE-0004,agreed joint military exercises,"Jordan and Britain have agreed to undertake joint military exercises this month, a Jordanian official confirmed.",AGREE
PLOVER-GSR01-AGREE-0005,offered to hand over suspected,"Libya has offered to hand over to Great Britain two of its nationals suspected by the West of blowing up a Pan Am plane in 1988, a state-owned Egyptian newspaper said.",AGREE
PLOVER-GSR01-AGREE-0006,reached consensus to exchange information,"Israel and the Palestinians reached a consensus to exchange information on water resources on the second day of a multilateral conference on water problems in the Middle East here Thursday, the meeting's co-chairman said.",AGREE
PLOVER-GSR01-AGREE-0007,agreed share information,"The Turkish and Greek sides of the divided Mediterranean island of Cyprus have agreed to share information Friday on missing people from both communities, a UN official said on Monday.",AGREE
PLOVER-GSR01-AGREE-0008,will support efforts,"Portugal will support Turkey's efforts to become a full member of the European Community, Portuguese President Mario Soares said on Tuesday.",AGREE
PLOVER-GSR01-AGREE-0009,will support resolution,Hungary has said it will support a U.N. Security Council resolution that aims to tighten sanctions and impose a naval blockade against neighboring Serbia.,AGREE
PLOVER-GSR01-AGREE-0010,is willing to send material,"NATO-member Norway is willing to send material to help defend Saudi Arabia if it is attacked, Norway's foreign minister said.",AGREE
PLOVER-GSR01-AGREE-0011,will give grant,"Finland will give Tanzania a grant of 580 million shillings (64.45 million dollars) over the next three years to finance several projects in the country, a statement issued by the ministry of finance said today.",AGREE
PLOVER-GSR01-AGREE-0012,agreed to provide dollars,European Community foreign ministers agreed in principle on Saturday to provide about 70 million dollars of aid for Romania and Poland.,AGREE
PLOVER-GSR01-AGREE-0013,promised military aid,British Defence Secretary Tom King has promised to continue military aid to war-torn Mozambique.,AGREE
PLOVER-GSR01-AGREE-0014,offered troops help,Syria has again offered its troops to Lebanon's new President Elias Hrawi to help him oust General Michel Aoun from the Christian enclave Aoun controls.,AGREE
PLOVER-GSR01-AGREE-0015,will provide food aid,"The United Nations will provide nearly 25,000 tons of emergency food aid to refugees fleeing the civil war in Liberia, the World Food Program (WFP) said on Monday.",AGREE
PLOVER-GSR01-AGREE-0016,ready to contribute troops peace-keeping,"{France is ready to contribute up to 4,000 troops to an international peace-keeping force in Liberia, Defence Minister Pierre Joxe said on Monday.}",AGREE
PLOVER-GSR01-AGREE-0017,agreed to extension peacekeeping force,{The Security Council today agreed to a six-month extension of the mandate for the peacekeeping force in Lebanon (UNIFIL) despite Israel's wish for a shorter period.},AGREE
PLOVER-GSR01-AGREE-0018,agreed to resign,"Ousted President Askar Akayev has agreed to resign without returning to Kyrgyzstan, the Parliament speaker said Saturday.",AGREE
PLOVER-GSR01-AGREE-0019,said committed to opening up economy,"Planning and Investment Minister Tran Xuan Gia said Vietnam is committed to opening up the economy but will not be rushed, in a rare interview late on Friday.",AGREE
PLOVER-GSR01-AGREE-0020,will allow return home,"Turkey will allow up to 13,000 Turkish Kurd refugees who have lived in Iraq for more than a decade to return home as part of a UN-brokered deal.",AGREE
PLOVER-GSR01-AGREE-0021,promised to democratize,Serbian President Vojislav Kostunica promised to democratize Serbia and establish the rule of law as he succeeded Milosevic.,AGREE
PLOVER-GSR01-AGREE-0022,offered concessions,"A Russian official offered concessions last November that U.S. negotiator Paul Nitze believed could lead to an agreement on reducing nuclear missiles in Europe, according to a senator who acted as a go-between at the talks.",AGREE
PLOVER-GSR01-AGREE-0023,said prepared to lift ban,"In an interview this weekend, President Abdelaziz Bouteflika said he is prepared to lift ban on Islamic Salvation Front (FIS) but not with its historical leadership.",AGREE
PLOVER-GSR01-AGREE-0024,agreed postpone demonstration,Leaders of the Azadliq (Freedom) opposition coalition agreed to postpone the demonstration in Baku until 9 November.,AGREE
PLOVER-GSR01-AGREE-0025,said will release,"The Fijian rebels said they will release Prime Minister Mahendra Chaudhry and more than 30 members of his government, whom they had taken hostage two weeks ago, on the weekend.",AGREE
PLOVER-GSR01-AGREE-0026,announced will return weapons seized,"The rebel Revolutionary United Front (RUF) announced it will return weapons and military equipment seized last year from United Nations peacekeepers, according to reports reaching here from the country's capital Freetown.",AGREE
PLOVER-GSR01-AGREE-0027,will evacuate settlements,"Under the disengagement plan, Israel will evacuate all 21 settlements in the Gaza Strip in mid-August, said spokesperson for the Israeli prime minister.",AGREE
PLOVER-GSR01-AGREE-0028,agreed lift embargoes sales,"The US Congress agreed to lift embargoes on pharmaceutical sales in late February to Iran, Libya, North Korea, Sudan, and with strings attached, Cuba.",AGREE
PLOVER-GSR01-AGREE-0029,agreed re-open borders to peackeepers,"Ethopia has agreed to re-open its borders to UN peackeepers, who are depolyed in the region to oversee a ceasefire between Ethiopia and its neighbor, Eritrea.",AGREE
PLOVER-GSR01-AGREE-0030,said would allow inspectors,"In a letter handed over to the United Nations on Monday, Iraq said it would allow the return of U.N. weapons inspectors ``without conditions'' to ``remove any doubts Iraq still possesses weapons of mass destruction.''",AGREE
PLOVER-GSR01-AGREE-0031,agreed to allow humanitarian access,"With the signing of a Memorandum of Understanding (MOU) on Cessation of Hostilities, the Sudanese government and SPLM/A have agreed to allow ``unimpeded humanitarian access to all areas and for people in need.''",AGREE
PLOVER-GSR01-AGREE-0032,agreed to ceasefire,Bosnia and Slovenia agreed to a ceasefire after two days of fierce fighting but media reports said sporadic clashes were still continuing.,AGREE
PLOVER-GSR01-AGREE-0034,says willing to withdraw troops,"Syria says it is willing to withdraw its troops from neighboring Lebanon, after fifteen years of effective military occupation.",AGREE
PLOVER-GSR01-AGREE-0035,will visit,"German Foreign Minister Oskar Fischer will visit Albania in June, the first Warsaw Pact foreign minister to do so since Tirana split with Moscow in 1961, the Albanian embassy said.",AGREE
PLOVER-GSR01-AGREE-0036,offered to negotiate,"On September 29, Putin offered to negotiate with the president of Armenia following the invasions of Dagestan.",AGREE
PLOVER-GSR01-AGREE-0037,accepted ending dispute,"Denmark today accepted a formula for ending its fisheries dispute with its European common market partners, government officials said.",AGREE
PLOVER-GSR01-AGREE-0038,would meet mediator,Afghan rebel leaders said on Wednesday they would meet U.N. mediator Diego Cordovez if he gave them a veto over any settlement reached in peace talks.,AGREE
PLOVER-GSR01-AGREE-0039,agreed mediation,"Israeli Prime Minister Ehud Barak has agreed to US mediation in the final status talks with the Palestinians, a senior Israeli official said.",AGREE
PLOVER-GSR01-AGREE-0040,will visit to mediate,"Gambian President Dawda Jawara will visit Mauritania and Senegal to mediate in a border dispute between the two West African neighbors, diplomatic sources said on Wednesday.",AGREE
PLOVER-GSR01-AGREE-0041,quoted saying ready to host a meeting between,King Hassan of Morocco was quoted today as saying he would be ready to host a meeting between an Israeli peace movement and the Palestine Liberation Organization (PLO).,AGREE
PLOVER-GSR01-CONSULT-0001,held meeting with,A group of Moroccan diplomats held their first meeting with President Obama at a lunch hosted by the Ambassador of Kingdom of Morocco.,CONSULT
PLOVER-GSR01-CONSULT-0002,telephoned,"U.S. Secretary of State Warren Christopher telephoned Russian Foreign Minister Andrei Kozyrev on Tuesday to discuss efforts to forge a peace settlement in former Yugoslavia, Itar-Tass news agency said.",CONSULT
PLOVER-GSR01-CONSULT-0003,visited,"Taiwan's Vice Foreign Minister visited Russia today, becoming the island's highest ranking government official to go there.",CONSULT
PLOVER-GSR01-CONSULT-0004,arrived,Iraqi President Saddam Hussein arrived in Amman on a previously unannounced visit on Wednesday.,CONSULT
PLOVER-GSR01-CONSULT-0005,hosted,Russian President Boris Yeltsin on Saturday hosted Japanese Prime Minister Ryutaro Hashimoto in this Siberian city for an informal meeting aimed at establishing close personal relations between the two leaders.,CONSULT
PLOVER-GSR01-CONSULT-0006,gave welcome,President Francois Mitterand gave a warm welcome on Thursday to South African leader F.W. de Klerk who is attempting to break his country's international isolation.,CONSULT
PLOVER-GSR01-CONSULT-0007,return to,"U.S. and Russian negotiators return to Geneva this week for talk on limiting the number of European-based nuclear missiles, an issue likely to dominate East-West relations this year.",CONSULT
PLOVER-GSR01-CONSULT-0008,undertook mediation,Arab League Secretary General Chadli Klibi undertook mediation mission between Syria and Palestinian leader Yasser Arafat.,CONSULT
PLOVER-GSR01-CONSULT-0009,launched mediation between,"Quatar's emir, Sheikh Hamad bin Khalifa al-Thani launched a mediation effort on Saturday between the Emirates and Saudi Arabia whose ties have been strained by Riyadh's new friendship with Tehran.",CONSULT
PLOVER-GSR01-CONSULT-0010,renewed negotiations,Israel and Lebanon renewed negotiations today on an Israeli troop pullback from Lebanon and their future relations.,CONSULT
PLOVER-GSR01-CONSULT-0011,held talks,"French National Assembly president Laurent Fabius and a group of deputies held talks with leaders of Romania's new government on Tuesday, the first high level Western delegation to visit Bucharest since last month's revolution.",CONSULT
PLOVER-GSR01-SUPPORT-0001,upgraded diplomatic ties,"Czechia and Albania have upgraded their diplomatic ties back up to ambassadorial level after an 18-year break, the official CTK news agency said on Wednesday.",SUPPORT
PLOVER-GSR01-SUPPORT-0002,praised,A top U.S. official today praised Haiti's efforts to improve its record on human rights and said it was an important partner for the United States.,SUPPORT
PLOVER-GSR01-SUPPORT-0003,welcomed statement,The German government today welcomed President Reagan's latest policy statement as proof of Washington's earnest wish for a settlement to be reached in U.S.-Soviet nuclear talks.,SUPPORT
PLOVER-GSR01-SUPPORT-0004,defended right of,"The United States on Thursday defended the right of Russia troops to fire protectively on militants in Azerbaijan and insisted unrest there reflected age-old ethnic tensions, not a fight for political independence.",SUPPORT
PLOVER-GSR01-SUPPORT-0005,defended against criticism,Palestinian leader Yasser Arafat defended Iraq and Libya on Friday against Western criticism of their arms industries and said the West was applying double standards on human rights.,SUPPORT
PLOVER-GSR01-SUPPORT-0006,urged support,"Arab League Secretary-General Chedli Klibi today urged the European Community to support the Palestinian Liberation Organization (PLO), which he said would create a favorable climate for peace talks.",SUPPORT
PLOVER-GSR01-SUPPORT-0007,mobilized support,"Saudi Arabia has mobilized pressure groups in the United States to help support the rights of Palestinians in their struggle against Israel, a top minister said in comments published Thursday.",SUPPORT
PLOVER-GSR01-SUPPORT-0008,established diplomatic ties,"Sri Lanka has established diplomatic ties with and opened an embassy in Tehran, the foreign ministry said on Wednesday.",SUPPORT
PLOVER-GSR01-SUPPORT-0009,apologized,"Argentina has apologized to Brazil for one of its gunboats intercepting a Brazilian ship in the Beagle Channel, disputed by Argentina and Chile.",SUPPORT
PLOVER-GSR01-SUPPORT-0010,announced forgive,A group of Yoruba leaders announced yesterday that they are willing to forgive Nigerian President Olusegun Obasanjo and queue behind him for a second term.,SUPPORT
PLOVER-GSR01-SUPPORT-0011,signed treaty,"Libyan leader Muammar Gaddafi and Bulgarian President Todor Zhivkov today signed a treaty of friendship and cooperation, the BTA reported.",SUPPORT
PLOVER-GSR01-SUPPORT-0012,signed agreement,"Czechia and China signed an agreement today to increase trade in 1983 by 50 percent compared with last year, the official Czechoslovak news agency Ceteka said today.",SUPPORT
PLOVER-GSR01-COOPERATE-0001,has been sharing expertise,Taliban ruled Afghanistan has been sharing expertise with the Liberation Tigers of Tamil Eelam according to a special report submitted to the Canadian Security Intelligence Service.,COOPERATE
PLOVER-GSR01-COOPERATE-0003,launched war games,"French and Egyptian warships on Monday launched 10 days of war games in the Mediterranean Sea, expected to be joined later by Italian and German vessels, the French embassy said Monday.",COOPERATE
PLOVER-GSR01-COOPERATE-0004,extradited to,"Zambia extradited suspected British militant Haroon Rashid Aswad to Britain on Sunday, a senior Zambian government official said.",COOPERATE
PLOVER-GSR01-COOPERATE-0005,shared evidence with,"Israeli intelligence officials have shared evidence with the U.S. about contacts between al Qaeda and senior members of Saddam Hussein's Ba'ath Party, according to governmental officials.",COOPERATE
PLOVER-GSR01-AID-0001,donated goods,"Doctors from two American aid groups donated and personally delivered $50,000 worth of goods to Baghdad University Medical School, risking as much as 12 years in prison and \$500,000 in fines.",AID
PLOVER-GSR01-AID-0002,gave dollars,The European Community on Monday gave the Ivory Coast 5.1 million dollars of aid for agricultural development projects.,AID
PLOVER-GSR01-AID-0003,continued to send arms,"The United States continued to send arms to Pakistan last year, a State Department Spokesman said Wednesday.",AID
PLOVER-GSR01-AID-0004,is providing military intelligence,"The United States is providing aerial photographs and other military intelligence to Macedonia which is preparing a major offensive against ethnic Albanian guerrillas, the Washington Post said Wednesday.",AID
PLOVER-GSR01-AID-0005,handed over medicine,"Swiss doctors handed over 700 kg of medicine to the Red Crescent in Bam, Iran, according to the Swiss Agency for Development and Cooperation.",AID
PLOVER-GSR01-AID-0007,evacuated wounded,U.N. helicopters evacuated the wounded from the besieged Bosnian town of Gorazde on Friday.,AID
PLOVER-GSR01-AID-0008,peacekeeping arrived in,"The first deployment of NATO peacekeeping troops have arrived in Bosnia, Defense Secretary William Perry said.",AID
PLOVER-GSR01-AID-0010,granted asylum,"Peru has granted diplomatic asylum to five Panamanian army officers holed up in a diplomatic residence since last month's U.S. invasion, the Peruvian embassy said on Tuesday.",AID
PLOVER-GSR01-AID-0011,granted asylum,"Uganda has granted political asylum to 18 Rwandan rebels who entered the country illegally two years ago and are wanted at home on treason charges, a United Nations official said on Friday.",AID
PLOVER-GSR01-CONCEDE-0001,conceded overhaul judiciary,President Dos Sontas has reportedly conceded at last to demands from National Union for the Total Independence of Angola (UNITA) to overhaul the judiciary.,CONCEDE
PLOVER-GSR01-CONCEDE-0002,taken steps enhance political freedoms,"President Omar Hassan al-Bashir, following the partial peace deal, has taken several tentative steps to enhance political freedoms and promote an image of openness and tolerance in Sudan.",CONCEDE
PLOVER-GSR01-CONCEDE-0003,cancelled restrictions language,The Latvian Constitutional Court cancelled restrictions on the use of the Russian language on national radio and television.,CONCEDE
PLOVER-GSR01-CONCEDE-0004,decided to allow participate elections,The Ivory Coast's Supreme Court decided to allow candidate Alassane Ouattara to participate in the country's upcoming elections.,CONCEDE
PLOVER-GSR01-CONCEDE-0005,lifted curfew,Serbia lifted a night curfew in Montenegro where 28 people have been killed in ethnic riots this year and the province was reported quiet on Sunday.,CONCEDE
PLOVER-GSR01-CONCEDE-0006,shortened curfew,President Omar El Bashir on Thursday shortened by one hour the nightly curfew imposed in Sudan after a June 30 coup toppled the civilian government.,CONCEDE
PLOVER-GSR01-CONCEDE-0007,eased emergency measures,"Serbia eased emergency measures on Wednesday in Montenegro province, the scene of ethnic violence last March, as authorities in Croatia cracked down on Serbian nationalists.",CONCEDE
PLOVER-GSR01-CONCEDE-0008,lifted emergency,"Sudan's government on Sunday lifted a state of emergency in West Darfur State that was imposed six months ago after bloody tribal clashes there, Omdurman radio reported Sunday.",CONCEDE
PLOVER-GSR01-CONCEDE-0009,announced called off strike,"The Nigerian Union of Teachers (NUT), the umbrella union for primary school teachers, announced Thursday that it has called off a four-day strike after deliberations with the Nigerian government.",CONCEDE
PLOVER-GSR01-CONCEDE-0010,accepted demands initiate political reforms,The Mozambique government on Thursday accepted demands from Shona rebels that it initiate political reforms.,CONCEDE
PLOVER-GSR01-CONCEDE-0011,approved recognizing victories elections,"Tuesday the Serbian parliament approved a ``special law'' recognizing victories by Zoran Djindjic's opposition coalition in November 17 municipal elections in 14 of the 18 most important Serbian cities, including Belgrade.",CONCEDE
PLOVER-GSR01-CONCEDE-0012,allowed Rally,"The Federal Minister for Interior Aftab Ahmad Khan Sherpao allowed opposition leader Maulana Fazl-ur-Rehman to bring out `Shan-e-Mustafa (SAW)' Rally after an agreement on carrying out a violence free protest demonstration, according to the Pakistani Federal Secretary Interior.",CONCEDE
PLOVER-GSR01-RETREAT-0009,received observers,"Kyrgyz Prime Minister Nikolai Tanaev received a mission of observers from the OSCE, informing them in detail on the economic situation of the country.",RETREAT
PLOVER-GSR01-RETREAT-0010,peacekeeping arrived,"A first patch of Bangladeshi peacekeeping troops arrived in Sierra Leone Tuesday, joining 12 unarmed military observers as the first element of an 800-strong Bangladeshi contingent due here, U.N. officials said.",RETREAT
PLOVER-GSR01-RETREAT-0012,Humanitarian access improved,Humanitarian access for the Darfur region has improved significantly since September as the Khartoum government tried to secure international favor.,RETREAT
PLOVER-GSR01-RETREAT-0013,opened to allow grain and flour to,"Uzbekistan finally opened the Friendship Bridge after four years to allow the delivery of 1,000 tons of grain and flour to Afghanistan, where millions of people are at risk of starvation as winter sets in, reports aid agencies.",RETREAT
PLOVER-GSR01-RETREAT-0014,declared ceasefire,The pro-Iranian Hizbollah (Party of God) group declared a unilateral ceasefire on Wednesday in south Lebanon after 12 days of battles with the Syrian-backed Amal militia.,RETREAT
PLOVER-GSR01-RETREAT-0015,lifted blockade,"The Israeli army lifted Friday a day-old blockade on Palestinian lorries passing through this crossing point between the Gaza Strip and the Jewish state, officials told AFP.",RETREAT
PLOVER-GSR01-RETREAT-0016,demobilized,"One third of ethnic Albanian guerrillas operating in Macedonia have been demobilized since the August 13 peace accord between Macedonian and ethnic Albanian political parties, two rebel commanders told AFP by phone Sunday.",RETREAT
PLOVER-GSR01-RETREAT-0017,surrendered town,"Five hundred Ugandan rebels surrendered last week in the eastern town in Soroti following a government offensive in the area, a local official said.",RETREAT
PLOVER-GSR01-RETREAT-0018,speeded withdrawal invasion,"The United States speeded up the withdrawal of some invasion forces from Panama on Wednesday, but defence officials cautioned that no deadline had been set for complete removal of the troops.",RETREAT
PLOVER-GSR01-RETREAT-0019,completed withdrawal,Bosnian Serbs said on Tuesday their forces had completed their withdrawal from the beseiged Bosnian town of Gorazde.,RETREAT
PLOVER-GSR01-RETREAT-0021,resigned allow first democratic elections,Lt. Gen. Prosper Avril resigned yesterday to allow Haiti's first democratic elections to take place.,RETREAT
PLOVER-GSR01-RETREAT-0022,paid compensation,"Uganda said on Sunday it had paid compensation to 67 elderly British nationals, most of the Asians, for assets they lost when former dictator Idi Amin expelled them 18 years ago.",RETREAT
PLOVER-GSR01-RETREAT-0023,resigned,Georgian President Eduard Shevardnadze resigned Sunday as the opposition threatened to storm his residence in Tbilisi.,RETREAT
PLOVER-GSR01-INVESTIGATE-0001,dispatched inspectors to,The IAEA has dispatched inspectors to Esfahan Uranium Conversion Facilities (UCF) in central Iran to monitor resumption of peaceful nuclear work at the plant.,INVESTIGATE
PLOVER-GSR01-INVESTIGATE-0002,has sent ... to investigate,"The United Nations has sent 21 military and civilian personnel to Bosnia on Wednesday to investigate the feasibility of a 10,000-member peacekeeping force, a U.N. spokesman said on Monday.",INVESTIGATE
PLOVER-GSR01-INVESTIGATE-0003,opened fraud investigations,"Judge Alejandro Rivera opened fraud investigations against 28 Chilean government officials suspected of taking kickbacks, the court said Friday.",INVESTIGATE
PLOVER-GSR01-INVESTIGATE-0004,opened hearing interrogation techniques,Israel's high court opened a landmark hearing Wednesday into the legality of secret interrogation techniques used against Palestinian detainees.,INVESTIGATE
PLOVER-GSR01-INVESTIGATE-0005,completed investigation,The Ceasefire Violations Committee (CFVC) has completed its investigation into an allegation by the Liberian Peace Council (LPC) that the NPFL had taken over the city of Greenville.,INVESTIGATE
PLOVER-GSR01-INVESTIGATE-0006,has been put under investigation for rioting,"A US national has been put under investigation in Italy for her possible role in rioting during a G8 summit in Genoa last month, Ansa news agency reported.",INVESTIGATE
PLOVER-GSR01-INVESTIGATE-0007,investigating alleged war crimes,"Croatia is investigating alleged war crimes by Croatian extremists against Serb civilians and prisoners and will bring suspects to trial, a Croatian official said.",INVESTIGATE
PLOVER-GSR01-INVESTIGATE-0008,launched an investigation,"Serbian military police have launched an investigation into alleged crimes committed by Croat forces against ethnic Serb civilians and Montenegrin prisoners of war during the 1991-1995 Serbo-Croatian conflict, the newspaper Jutarnji list reported Thursday.",INVESTIGATE
PLOVER-GSR01-INVESTIGATE-0009,investigated welfare,"Members of the Association of African Jurists, a body linked to the Organization of African Unity, investigated welfare of nearly 2,000 Libyans, some of whom have been held as long as seven years.",INVESTIGATE
PLOVER-GSR01-DEMAND-0001,demanded,"Poland's parliament has demanded an immediate admission by Moscow that Soviet NKVD security forces murdered more than 15,000 captive Polish officers during World War Two.",DEMAND
PLOVER-GSR01-DEMAND-0002,issued must cooperate with inspectors,French President Jacques Chirac issued a stern reminder Saturday to Iraq that it must cooperate fully with UN inspectors probing suspect sites for weapons of mass destruction.,DEMAND
PLOVER-GSR01-DEMAND-0003,ordered questioning,"An Argentine judge has ordered former president Carlos Menem to appear October 16 for questioning in an investigation of illegal arms sales to Croatia and Ecuador in the 1990s, court sources said Wednesday.",DEMAND
PLOVER-GSR01-DEMAND-0004,declared must drop barriers exports,The Bush administration declared Tuesday that China must drop barriers to U.S. exports or face tariff penalties for maintaining unfair trade practices.,DEMAND
PLOVER-GSR01-DEMAND-0005,demanded cancel sell weapons,The PRC on Tuesday demanded that the US cancel plans to sell air-to-surface anti-tank weapons to Taiwan to avoid ``new damage'' to US-PRC relations.,DEMAND
PLOVER-GSR01-DEMAND-0006,reiterated must hand over alleged,A senior British minister reiterated that Libya must hand over alleged bombers of the U.S. airliner as he embarked on a trip to North Africa to seek Arab support for the demand.,DEMAND
PLOVER-GSR01-DEMAND-0007,issued demanding information,The rebel Kurdistan Workers' Party issued a declaration demanding that the Turkish government provide information on the safety of its leader Abdullah Ocalan.,DEMAND
PLOVER-GSR01-DEMAND-0008,demanded support from,Montenegro Municipality Association (AKK) officials demanded support from the Montenegro Assembly in regaining control over the properties that belonged to them before.,DEMAND
PLOVER-GSR01-DEMAND-0009,demanded refuse to recognize,"Greece bluntly demanded that its European Community partners refuse to recognize the Former Yugoslav Republic of Macedonia, on Greece's northern border, as long as it keeps that name.",DEMAND
PLOVER-GSR01-DEMAND-0010,demanded support statehood,Palestinian officials demanded Friday that the United States match the European Union's support for Palestinian statehood.,DEMAND
PLOVER-GSR01-DEMAND-0011,concluded must allocate resources to help,The Third World Water Forum concluded on Saturday that the US and other developed nations must allocate greater financial resources to help with the battle against the global water and sanitation crisis.,DEMAND
PLOVER-GSR01-DEMAND-0012,pushing hard support debt relief,According to reports the UK is pushing hard for the US support its debt relief plan to tackle poverty in Africa.,DEMAND
PLOVER-GSR01-DEMAND-0013,sought refuge,"Some 800,000 Iraqi Kurds sought refuge in Germany last month.",DEMAND
PLOVER-GSR01-DEMAND-0014,demanding protect,"Ethnic Albanians in south Serbia are demanding a U.N. military presence to protect them against a heavily armed ruling Serb minority and prevent a Bosnia-style civil war, but some foreign monitors are skeptical.",DEMAND
PLOVER-GSR01-DEMAND-0015,said must ensure security,"The Red Cross operating in Iraq said US and British forces must ensure security to allow emergency water, food, and medical supplies to reach the needy.",DEMAND
PLOVER-GSR01-DEMAND-0017,demanded control of Ministry,Ibo traditional elders have demanded that control of the Nigerian Interior Ministry be taken away from Hausa politicians in the next government.,DEMAND
PLOVER-GSR01-DEMAND-0018,demanded removal,Rwandan rebels demanded the removal of President Juvenal Habyariman and his ruling party at the fourth round of talks aimed at ending a 23-month civil war.,DEMAND
PLOVER-GSR01-DEMAND-0019,demanded elections,Former Socialist prime minister Andreas Papandreou demanded immediate elections after a special court cleared him of all charges in Greece's biggest corruption trial this century.,DEMAND
PLOVER-GSR01-DEMAND-0020,demanding abandon policy,Opposition groups in Zimbabwe are demanding that President Mugabe abandon his controversial policy of land confiscations.,DEMAND
PLOVER-GSR01-DEMAND-0021,demands rights,"The main Hutu rebel group, Forces for Defence of Democracy (FDD), insisted on its demands that Burundi's government grant the Hutu majority more rights.",DEMAND
PLOVER-GSR01-DEMAND-0022,announced must agree constitutional changes,Rwandan rebels announced that President Kagame and his Rwandan Patriotic Front must agree to major constitutional changes before they demobilize.,DEMAND
PLOVER-GSR01-DEMAND-0023,demanding autonomy,The Albanians of southern Serbia are demanding political and territorial autonomy from Serbian authorities.,DEMAND
PLOVER-GSR01-DEMAND-0024,demanded forsake program,The United States on Thursday demanded that the Democratic People's Republic of Korea (DPRK) forsake its nuclear program.,DEMAND
PLOVER-GSR01-DEMAND-0025,demanded end curbs press freedom,Human rights organization Amnesty International demanded that the Sudanese government end curbs on press freedom.,DEMAND
PLOVER-GSR01-DEMAND-0026,reiterated demand ease restrictions movement,The International Labor Office (ILO) reiterated its demand today that Israel ease restrictions on the movement of Palestinian workers.,DEMAND
PLOVER-GSR01-DEMAND-0027,pressuring to cancel strike,Iranian authorities have been pressuring workers of the United Bus Company of Tehran (Sharekat-e Vahed) to cancel the strike they have been planning for better pay and working conditions.,DEMAND
PLOVER-GSR01-DEMAND-0028,said must return helicopter,Russia said on Tuesday that Sudan must return a Mi-26 helicopter that was captured by the Sudanese authorities last week.,DEMAND
PLOVER-GSR01-DEMAND-0030,demanded allow humanitarian,"Kenzo Oshima, the United Nations Emergency Relief Coordinator, demanded parties to the conflict in Iraq to allow humanitarian workers the freedom of movement necessary for discharging their mandate.",DEMAND
PLOVER-GSR01-DEMAND-0031,demanded renounce armed struggle,Washington along with its allies demanded that Hamas renounce its armed struggle against Israel.,DEMAND
PLOVER-GSR01-DEMAND-0032,demanded withdrawal,"European Community foreign ministers demanded the withdrawal of Serbian forces from Bosnia-Herzogovina on Monday calling them an occupying army, diplomats quoted an EC declaration as saying.",DEMAND
PLOVER-GSR01-DEMAND-0033,demanded,Bosnian Serbs demanded a truce with Moslem forces in east Bosnia before allowing U.N. aid conveys to feed starving Moslem civilians in the region.,DEMAND
PLOVER-GSR01-DEMAND-0034,demanded meeting,"Serbia on Tuesday demanded a meeting of the U.N. Security Council to discuss Croatia's military advance into the Serb-held Krajina region, describing it as ``a serious challenge to the world community.''",DEMAND
PLOVER-GSR01-DEMAND-0035,said must reach agreement,British Foreign Secretary Jack Straw said on Friday that the Sudanese government and the rebels in Darfur must reach an agreement that stops the conflict for good before developmental assistance to the region is released.,DEMAND
PLOVER-GSR01-DEMAND-0036,said must be ready to mediate,Egyptian President Hosni Mubarak said here Wednesday that the US must be ready to mediate between Israelis and Palestinians as soon as the Israeli elections of January 28 are finalized.,DEMAND
PLOVER-GSR01-DISAPPROVE-0001,summoned to complain,"On Tuesday, Nigerian junior foreign minister Dubem Oniya summoned Niger's ambassador Brah Mohamane to complain of inaction over the gangs.",DISAPPROVE
PLOVER-GSR01-DISAPPROVE-0002,denounced,Albania on Friday denounced as an ugly crime Serbia's suppression of ethnic Albanian unrest in Montenegro.,DISAPPROVE
PLOVER-GSR01-DISAPPROVE-0003,accused,Zimbabwean Prime Minister Robert Mugabe today accused the United States of restoring the blackmail in the negotiations on independence for Namibia.,DISAPPROVE
PLOVER-GSR01-DISAPPROVE-0004,has been accused misusing public funds,"Ousted president Jean-Bertrand Aristide has been accused of misusing up to US $50 million in public funds, much of it believed to have been embezzled, by current Haitian government officials.",DISAPPROVE
PLOVER-GSR01-DISAPPROVE-0005,accused violating human rights,"Human rights watchdog Amnesty International accused the United States of violating human rights, ignoring international law and sending a ``permissive signal to abusive governments''.",DISAPPROVE
PLOVER-GSR01-DISAPPROVE-0006,accused violating ceasefire,"The Sudanese government has accused Darfur rebels of violating a month-old ceasefire, a member of the Chadian team trying to broker a peace pact has said.",DISAPPROVE
PLOVER-GSR01-DISAPPROVE-0007,blamed for bombing,"Palestinians blamed Israel for the bombing of Raed Karmi in the West Bank City of Tulkarm, which has set off a renewed wave of violence.",DISAPPROVE
PLOVER-GSR01-DISAPPROVE-0009,was arrested in collaborating,"A Christian missionary from Calgary was arrested in Lebanon for collaborating with Israel, according to the Canadian Press.",DISAPPROVE
PLOVER-GSR01-DISAPPROVE-0010,jailed allegations treason,Nigerian authorities jailed 52 members of the banned Movement for the Actualization of the Sovereign State of Biafra (MASSOB) on allegations of treason for playing in a youth football tournament in Lagos.,DISAPPROVE
PLOVER-GSR01-DISAPPROVE-0011,called unite against,"An official Syrian newspaper called Thursday on Arabs to unite and ``mobilize'' against Israeli right-winger Ariel Sharon, who has vowed not to return the Golan Heights to Syria if he is elected prime minister February 4.",DISAPPROVE
PLOVER-GSR01-DISAPPROVE-0012,called for sanctions against,Archbishop Desmond Tutu on Sunday called for sanctions against Nigeria in the wake of the execution of Ken Saro-Wiwa.,DISAPPROVE
PLOVER-GSR01-DISAPPROVE-0013,lodged official protest,"Serbia lodged an official protest with Albania today, charging its neighbor with supporting dissidents here in what is said was tantamount to inciting revolution.",DISAPPROVE
PLOVER-GSR01-DISAPPROVE-0014,complained to the United Nations,Lebanon complained to the United Nations on Tuesday over two Israeli air raids last Friday in which it said 20 people were killed or wounded.,DISAPPROVE
PLOVER-GSR01-DISAPPROVE-0015,is suing,"A Saudi businessman is suing the United States for damages to his pharmaceutical plant which were caused by a missile attack in August, his American lawyer said.",DISAPPROVE
PLOVER-GSR01-DISAPPROVE-0016,protested,"Croatian authorities are failing to uphold the property rights of Croatian Serb refugees, a human rights group protested here Wednesday.",DISAPPROVE
PLOVER-GSR01-REJECT-0001,reject proposed changes,"The Palestinians reject proposed Israeli changes to the Wye River land-for-security deal, chief Palestinian negotiator Saeb Erakat said.",REJECT
PLOVER-GSR01-REJECT-0002,rejected request interrogate,"Yemen has rejected a U.S. request to interrogate detainees held after the escape of 23 al-Qaida prisoners, a security official said Tuesday.",REJECT
PLOVER-GSR01-REJECT-0003,rejected proposal Free Trade,"Bangladesh has once again outright rejected an Indian proposal for signing Free Trade Agreement (FTA) with her, urging the counterpart to sign the proposed South Asia Free Trade Agreement (SAFTA) instead.",REJECT
PLOVER-GSR01-REJECT-0004,rejected demand sever military alliance,"South Korea has rejected North Korea's consistent demand to sever a decades-long military alliance with Washington, which keeps troops here under a mutual defense pact.",REJECT
PLOVER-GSR01-REJECT-0005,rejected handover guard,Serbia on Thursday flatly rejected an Australian ultimatum to handover a guard involved in a shooting in front of the Yugoslav consulate in Sydney.,REJECT
PLOVER-GSR01-REJECT-0006,imposed information blackout,"The UN on Tuesday imposed a de facto information blackout on the withdrawal, collection and monitoring of heavy weapons around Sarajevo.",REJECT
PLOVER-GSR01-REJECT-0007,rejected calls economic aid,"Berlin rejected recent calls by Belarus's rulers for immediate economic aid, saying it was withholding it until a democratically-elected government takes over.",REJECT
PLOVER-GSR01-REJECT-0008,refused assistance war,"The Turkish government has refused to commit to any direct assistance to the US-led war against Iraq, citing domestic opposition.",REJECT
PLOVER-GSR01-REJECT-0009,says will not accept refugees,Syria says it will not accept any more refugees if war starts in Iraq.,REJECT
PLOVER-GSR01-REJECT-0010,rejected peacekeeping forces to be deployed,The United Nations on Tuesday rejected a call for its peacekeeping forces to be deployed in East Timor.,REJECT
PLOVER-GSR01-REJECT-0011,refused deploy peacekeepers,"Pakistan, a key U.S. ally in the war against terrorism, has refused to deploy peacekeepers in Iraq and has urged its citizens to avoid coming here.",REJECT
PLOVER-GSR01-REJECT-0012,rejected calls adopt reforms,"The US on Thursday rejected calls by Kofi Annan, UN secretary-general, to adopt far-reaching United Nations reforms as a comprehensive package.",REJECT
PLOVER-GSR01-REJECT-0013,declined to resign,Vice-President Moody Awori has declined to resign despite growing pressure by the Kenya Anti-Corruption Commision after he was implicated in a major scandal.,REJECT
PLOVER-GSR01-REJECT-0014,denied land allocation,"Ankara's Cankaya district administration has denied land allocation for the construction of an Alewite temple, Cemevi, in the district.",REJECT
PLOVER-GSR01-REJECT-0015,reneged commitment new constitution,"In what has been described as a policy u-turn, President Levy Mwanawasa has reneged on his commitment to the Zambian people for holding elections under a new constitution.",REJECT
PLOVER-GSR01-REJECT-0016,refusing lift curfew,"Despite warnings of starvation by humanitarian agencies, the Israeli government is refusing to lift the curfew on Palestinians living in the West Bank and Gaza.",REJECT
PLOVER-GSR01-REJECT-0017,failed reach agreement,"Palestinians and Israelis failed to reach agreement on the fate of Palestinian offices in east Jerusalem Sunday, despite hours of tense negotiations, sources on both sides reported.",REJECT
PLOVER-GSR01-REJECT-0018,said not meet demands release,"The U.S. said it would not meet hostage-takers demands to release prisoners in Iraq, including a number of females.",REJECT
PLOVER-GSR01-REJECT-0019,said removing sanctions out of the question,US authorities said yesterday that removing the sanctions on Burma is currently out of the question as that would reward the regime for doing nothing.,REJECT
PLOVER-GSR01-REJECT-0020,refused allow evacuate,"The UNITA militarist wing refused to allow United Nations planes to land and evacuate 15 of its observers who were taken hostage, the United Nations Observer Mission in Angola (MONUA) said.",REJECT
PLOVER-GSR01-REJECT-0021,rejected appeal deploying troops,Beirut again rejected Thursday a United Nations appeal for deploying army troops along its borders with Israel.,REJECT
PLOVER-GSR01-REJECT-0022,rejected proposal cease-fire,Iran's religious leader Ayatollah Ruhollah Khomeini today rejected Iraqi President Saddam Hussein's proposal for a cease-fire during the Moslem holy month of Ramadan.,REJECT
PLOVER-GSR01-REJECT-0023,dismissed appeal lay down arms,"Rebels in the Ivory Coast on Wednesday dismissed an appeal from President Laurent Gbago to lay down their arms, saying they had lost all trust in the government they rose up against on September 19.",REJECT
PLOVER-GSR01-REJECT-0024,refused to meet,"Israeli President Moshe Katsav has refused to meet Jordan's visiting King Abdullah II in Tel Aviv, saying he would only welcome him in Jerusalem, his office said Tuesday.",REJECT
PLOVER-GSR01-REJECT-0025,rejected meeting,"The radical Palestinian Islamic Jihad movement rejected an invitation to attend a meeting next week of Palestinian factions to debate plans for independence from Israel, the group said Wednesday.",REJECT
PLOVER-GSR01-REJECT-0026,rejected offer talks,Pakistan President Mohammad Zia-Ul-Haq today rejected a fresh offer from Afganistan for direct talks between the two neighbors.,REJECT
PLOVER-GSR01-REJECT-0027,rejected offer host summit,Palestinian leader Yasser Arafat Wednesday rejected a US offer to host a summit in mid-July to hammer out a framework agreement for peace between the Israelis and the Palestinians.,REJECT
PLOVER-GSR01-REJECT-0028,opposed mediation,"Israel is opposed to French mediation in peace negotiations with Syria, a close aide to Prime Minister Ehud Barak said Wednesday.",REJECT
PLOVER-GSR01-REJECT-0029,rejected peace plan,"Ivory Coast rebels on Friday again rejected a Senegalese peace plan, and said they also opposed the deployment of a regional peacekeeping force until their political demands are met.",REJECT
PLOVER-GSR01-REJECT-0030,refused demand peace deals,Newly appointed Palestinian Prime Minister Ismail Haniyeh has refused to respond to a demand from the US President to adhere to interim peace deals reached with Israel.,REJECT
PLOVER-GSR01-REJECT-0032,violated ban,A newspaper based in Christian east Beirut has violated a ban by General Michel Aoun and described his rival Elias Hrawi as president.,REJECT
PLOVER-GSR01-REJECT-0033,vetoed,The United States on Wednesday vetoed a Security Council resolution censuring as a violation of international law its military sweep of the Nicaraguan ambassador's home in Panama on December 29.,REJECT
PLOVER-GSR01-THREATEN-0001,threatened,President Bush has threatened further action against Russia in an international television program beamed by satellite to more than 50 countries.,THREATEN
PLOVER-GSR01-THREATEN-0002,threatened cut off electricity,"Iran on Tuesday threatened to cut off electricity to the autonomous Azerbaijani republic of Nakhichevan over non-payment of bills, the official IRNA news agency reported.",THREATEN
PLOVER-GSR01-THREATEN-0003,announced will withdraw peacekeeping,Nigeria today announced that it will withdraw their peacekeeping force from Chad unless President Goukouni Oueddei arranged a ceasefire with rebels fighting to topple his government and held elections within four months.,THREATEN
PLOVER-GSR01-THREATEN-0004,threatened import restrictions,A French minister threatened today to impose import restrictions against German goods today as the leaders of the two countries sought to ease tensions in Franco-German relations.,THREATEN
PLOVER-GSR01-THREATEN-0005,threatened ... break relations,The Azerbaijani parliament threatened on Monday to break relations with Russia unless the Kremlin closed its radar base in the republic.,THREATEN
PLOVER-GSR01-THREATEN-0006,threatened break relations,Pakistan today threatened to break off diplomatic relations with Congo and Costa Rica over their ties with Israel on the eve of a visit here by Palestine Liberation Organization (PLO) Chairman Yasser Arafat.,THREATEN
PLOVER-GSR01-THREATEN-0007,said would boycott all contact,Palestinian leaders said they would boycott all official contact with the United States.,THREATEN
PLOVER-GSR01-THREATEN-0008,plans impose restrictions labour,"Greece, like most other existing members, plans to impose restrictions on its labour market for new EU members for at least two years from 1 May.",THREATEN
PLOVER-GSR01-THREATEN-0009,threatened ban voting,"Israel threatened to ban voting in East Jerusalem if Hamas, which advocates Israel's destruction, ran in the election.",THREATEN
PLOVER-GSR01-THREATEN-0010,met decided not allow candidates from,Israel's Cabinet met Sunday and decided to approve a plan that will not allow candidates from the militant group Hamas on the ballots there.,THREATEN
PLOVER-GSR01-THREATEN-0011,threatened to ban,President Yoweri Museveni has threatened to ban Ugandan opposition candidates from participating in the upcoming elections.,THREATEN
PLOVER-GSR01-THREATEN-0012,announced will extend curfew,President Laurent Gbagbo announced on Sunday that he will extend the night-time curfew in Abidjan in response to recent unrest within the city.,THREATEN
PLOVER-GSR01-THREATEN-0013,threatened institute curfew,President Abdelaziz Bouteflicka threatened to institute a curfew in Algiers in response to recent unrest within the city.,THREATEN
PLOVER-GSR01-THREATEN-0014,announced prepared impose martial law,Iraq's interim government announced that it is prepared to impose martial law as street battles raged in central Baghdad between insurgents and security forces.,THREATEN
PLOVER-GSR01-THREATEN-0015,would blockade,Radical French farmers said on Friday they would blockade Paris from Monday night to demand an end to the European Community's drastic farm reform.,THREATEN
PLOVER-GSR01-THREATEN-0016,threatened general strike,Druze inhabitants of the Syrian Golan Heights threatened today to hold a general strike unless Israel rescinded its annexation of the region within 10 days.,THREATEN
PLOVER-GSR01-THREATEN-0017,threatened stop negotiations,"Russia has threatened to stop negotiations to reduce long-range nuclear weapons if the United States goes ahead with the planned deployment of new medium-range nuclear missiles in Europe, the Washington Post reported today.",THREATEN
PLOVER-GSR01-THREATEN-0018,may halt mediation if,"The European Community may halt mediation efforts among Serbia's feuding republics if cooperation by all parties founders, Dutch Foreign Minister Hans Van den Broek said on Tuesday.",THREATEN
PLOVER-GSR01-THREATEN-0019,announced will withdraw inspectors humanitarian,U.N. Secretary-General Kofi Annan announced on Monday that he will withdraw weapons inspectors and humanitarian workers from Iraq.,THREATEN
PLOVER-GSR01-THREATEN-0020,warned will no longer tolerate rallies,Cairo's security chief has warned that police will no longer tolerate rallies by the Kifaya (``Enough'') group.,THREATEN
PLOVER-GSR01-THREATEN-0021,threatened blows,"Osama bin Laden's al-Qaeda terror network has threatened to deliver devastating blows to the United States and Israel, a Saudi-owned weekly reports.",THREATEN
PLOVER-GSR01-THREATEN-0022,confirmed would naval blockade,NATO confirmed on Wednesday it would tighten the naval blockade of Serbia in the Adriatic with Albania's help.,THREATEN
PLOVER-GSR01-THREATEN-0023,have sworn to gain control,"Ethnic Albanians have sworn to fight until they gain control of villages near Macedonia's border with Bulgaria, Macedonian officials said Wednesday.",THREATEN
PLOVER-GSR01-THREATEN-0024,threatened terrorist activities,The Hamas threatened Monday to resume terrorist activities in Israel in an escalation of the intifada (uprising).,THREATEN
PLOVER-GSR01-THREATEN-0025,threatened military offensive,Iran today threatened to launch a new military offensive in its Gulf war with Iraq unless Baghdad accepted its conditions for ending the 28-month-old conflict.,THREATEN
PLOVER-GSR01-THREATEN-0026,threatened shell,"Iran threatened to shell Iraqi towns today in retaliation for an air raid on the southern city of Susangerd where, it said, 100 people were killed.",THREATEN
PLOVER-GSR01-THREATEN-0027,claims chemical biological weapons against,"A terror group based in Trinidad claims to be manufacturing chemical and biological weapons to use against the United States and Britain, according to a media report Sunday.",THREATEN
PLOVER-GSR01-THREATEN-0028,issued ultimatum,Peru has issued an ultimatum to Ecuador to halt attacks across their disputed jungle border.,THREATEN
PLOVER-GSR01-THREATEN-0029,said will boycott unless step down,The fundamentalist Umma (Nation) party has said it will boycott Algeria's first multi-party elections unless the president agrees to step down.,THREATEN
PLOVER-GSR01-PROTEST-0001,began collecting signatures amend constitution,The Homeland Union (Conservatives) began collecting signatures in part of a drive to convince the Lithuanian Parliament to amend the constitution so that same-sex marriages are banned.,PROTEST
PLOVER-GSR01-PROTEST-0002,demonstrated,"Up to 100 ethnic Albanians demonstrated on Tuesday in Serbia, where 24 people were killed in nationalist riots last March, Belgrade radio said.",PROTEST
PLOVER-GSR01-PROTEST-0003,staged rallies against,"Angry activists from the defeated Fatah Party have staged rallies in the Gaza Strip against the party's leader Mahmoud Abbas, saying he must resign.",PROTEST
PLOVER-GSR01-PROTEST-0004,staged demonstrations demand political reforms,Tens of thousands of university students throughout Indonesia staged mass demonstrations Saturday to demand political reforms by President Suharto's government.,PROTEST
PLOVER-GSR01-PROTEST-0005,were converging rally protest rights violations,Thousands of Nigerians from throughout the country were converging Thursday for a rally in Lagos to protest the rights violations under the recently imposed Sharia law by Islamic fundamentalists in the northern districts.,PROTEST
PLOVER-GSR01-PROTEST-0006,demonstrated calling for independence,"Thousands of Iraqi Kurds demonstrated in the northern city of Kirkuk on Sunday calling for independence from Iraq, witnesses said.",PROTEST
PLOVER-GSR01-PROTEST-0007,began hunger strike,"Up to 1,000 ethnic Turks began a hunger strike on Monday to protest against Sweden's decision to send them back to Bulgaria, where they say they face imprisonment, homelessness and persecution.",PROTEST
PLOVER-GSR01-PROTEST-0008,continued hunger strike demand resignation,Islamic fundamentalists continued their hunger strike to demand the resignation of Algerian President Ahmed Ben Bella.,PROTEST
PLOVER-GSR01-PROTEST-0009,started hunger strike protest failure reforms,"A member of the Syrian parliament, Mohammed Mamoun, started a hunger strike yesterday to protest President Assad's failure to usher in meaningful political reforms.",PROTEST
PLOVER-GSR01-PROTEST-0010,began hunger strike demand return of property,"Algerian landowners began a hunger strike outside Parliament to demand the return of property seized by Algerian government forces in the 1970s, APS news agency said.",PROTEST
PLOVER-GSR01-PROTEST-0011,staged hunger strike protest human rights violations,"Salaheddine Sidhoum, Algeria's leading human rights activist, staged a 24-hour hunger strike in prison on Sunday in protest against the widespread human rights violations by Algerian security forces, his lawyer said on Tuesday.",PROTEST
PLOVER-GSR01-PROTEST-0012,continuing hunger strike accept independence,A group of Chenchen refugees are continuing a hunger strike in protest of the Russian government's refusal to accept the independence of Chechnya.,PROTEST
PLOVER-GSR01-PROTEST-0013,shunned work to protest,Palestinians of the Israeli-occupied West Bank shunned work on Monday to protest at settlement of Russian Jewish immigrants on Arab land.,PROTEST
PLOVER-GSR01-PROTEST-0015,stopped work strike employment bill,"Some 500,000 workers affiliated with the Serbian Workers' Union (SSS) stopped work on the first day of an open-ended strike on Monday over a controversial employment bill signed in by Serbian Labour Minister Dragan Milovanovic.",PROTEST
PLOVER-GSR01-PROTEST-0016,organized strike protest arrest,Seven opposition parties in Nepal have organized a general strike that shut down Khatmandu in protest of last week's arrest of a number of activists.,PROTEST
PLOVER-GSR01-PROTEST-0017,blocked roadway,"Angry French paper workers blocked the Europe Bridge spanning the Rhine from France to Germany for more than three hours by dumping sawdust on the roadway, French border police said.",PROTEST
PLOVER-GSR01-PROTEST-0018,blocked roads demanding reinstated as leader,About 200 supporters of former President Ahmed Ben Bella blocked roads in the capital city of Algiers demanding that he be reinstated as leader of the Algerian government.,PROTEST
PLOVER-GSR01-PROTEST-0019,blocked transport to overthrow government,Rebels in the Ivory Coast on Tuesday blocked transport into Abidjan as they continued their effort to overthrow the government of President Laurent Gbagbo.,PROTEST
PLOVER-GSR01-PROTEST-0020,blocked road disapproval policies,"Demonstrators in Baghdad blocked a road to show their disapproval for the United States' military policies, a newspaper reported Tuesday.",PROTEST
PLOVER-GSR01-PROTEST-0021,blocked roads demands freedom,Young Algerians blocked roads leading to the city centre on Sunday to press their demands for greater freedom and opportunities from President Bouteflika's government.,PROTEST
PLOVER-GSR01-PROTEST-0022,blocked streets demand democratic reforms,Hundreds of thousands of people blocked streets in Hong Kong in defiance of Chinese authorities to demand democratic reforms.,PROTEST
PLOVER-GSR01-PROTEST-0023,rioted,"Palestinian prisoners rioted Monday at this jail in northern Israel, setting fire to their mattresses and smashing furniture, police sources said.",PROTEST
PLOVER-GSR01-PROTEST-0024,rioted calling for removal from office,Egyptian demonstrators rioted following a peaceful demonstration calling for the immediate removal of President Hosni Mubarak from office.,PROTEST
PLOVER-GSR01-PROTEST-0025,riots against policies,Palestinian riots against Israeli military policies are still continuing with no end in sight.,PROTEST
PLOVER-GSR01-PROTEST-0026,resorted throwing stones demonstrations rights violations,"Palestinian youths resorted to throwing stones during demonstrations against the alleged human rights violations by the Israeli military, officials said on Thursday.",PROTEST
PLOVER-GSR01-PROTEST-0027,rioted demanding independence,"Prisoners rioted at a jail in East Timor's capital Dili on Monday joining thousands of demonstrators in demanding a referendum on independence from Indonesian rule, locals said.",PROTEST
PLOVER-GSR01-PROTEST-0028,used tear gas disperse demonstrators,Liberian riot police used tear gas to disperse demonstrators protesting election results in Monrovia.,PROTEST
PLOVER-GSR01-MOBILIZE-0001,prepared resume shelling,The Macedonian army prepared to resume shelling Albanian rebel-held territory as attempts to resolve the crisis on the political front were deadlocked.,MOBILIZE
PLOVER-GSR01-MOBILIZE-0003,remained on alert,Israeli troops remained on alert in the occupied West Bank today to forestall more violence after a week of unprecedented Palestinian civil unrest.,MOBILIZE
PLOVER-GSR01-MOBILIZE-0004,ordered patrols police,The government of Sindh province has ordered patrols by police and paramilitary soldiers after violent protests by Muslim groups.,MOBILIZE
PLOVER-GSR01-MOBILIZE-0005,strengthened forces,"Israel has strengthened its forces in Lebanon following the discovery of Russian-made Katyusha rockets in the area last week, military sources said today.",MOBILIZE
PLOVER-GSR01-MOBILIZE-0006,mobilized army against,Britain mobilized army reservists for a possible war against Iraq on Tuesday while UN arms inspectors said they needed more time.,MOBILIZE
PLOVER-GSR01-MOBILIZE-0007,trained hackers,"North Korea has trained more than 500 computer hackers capable of launching cyber warfare against the United States, South Korea's defense ministry said Monday.",MOBILIZE
PLOVER-GSR01-SANCTION-0001,announced suspension links,"Italy announced a suspension of air links with Serbia on Wednesday, one day after a Serbian army jet shot down a helicopter carrying EC truce monitors.",SANCTION
PLOVER-GSR01-SANCTION-0002,cancelled visit,"A French minister has cancelled a planned visit to Haiti after a state of siege was declared in the one-time French colony, the Foreign Affairs Ministry said on Sunday.",SANCTION
PLOVER-GSR01-SANCTION-0003,expelled diplomats,"Switzerland said today it had expelled two Russian diplomats based in Geneva for spying, adding to a long series of espionage scares.",SANCTION
PLOVER-GSR01-SANCTION-0004,announced would prohibit aid,The United States announced Wednesday it would prohibit all aid to Albanian rebels in Macedonia and would deny entry to the United States to all individuals undermining stability there.,SANCTION
PLOVER-GSR01-SANCTION-0005,suspended aid,Red Cross officials suspended aid deliveries in Baghdad on Wednesday after two of their vehicles were hit by gunfire and a staff member went missing.,SANCTION
PLOVER-GSR01-SANCTION-0006,halted economic aid,Japan said on Tuesday it had halted economic aid to Serbia in line with Western efforts to end the fighting there.,SANCTION
PLOVER-GSR01-SANCTION-0007,suspended military aid,"The United States suspended part of a military aid program for Bosnia aimed at bringing Bosnian Croat and Moslem armed forces together as a unified identity, the New York Times reported on Friday.",SANCTION
PLOVER-GSR01-SANCTION-0008,reduced food supplies,"The United Nations on Tuesday reduced food supplies to the biggest Cambodian refugee camp in Thailand because rice was being diverted to outside users, relief officials said.",SANCTION
PLOVER-GSR01-SANCTION-0009,imposed sanctions,"President Bill Clinton has imposed sanctions on the Taliban religious faction that controls Afghanistan for its support of suspected terrorist Osama bin Laden, the White House said Tuesday.",SANCTION
PLOVER-GSR01-SANCTION-0010,closed borders,"Russia closed its southern borders with Iran and Turkey because of fighting between Azerbaijanis and Armenians, an editor at the official Armenian news agency said.",FIGHT
PLOVER-GSR01-SANCTION-0011,ended mediation,Syrian officers today ended mediation efforts between rival militias in Tripoli as shells continued crashing into the north Lebanese port and the death toll rose to more than 200.,SANCTION
PLOVER-GSR01-SANCTION-0012,peacekeepers shipped out,"Eighty UN peacekeepers were shipped out of the eastern Bosnian enclave of Gorazde Friday, leaving just 100 UN troops to follow them out later this month.",SANCTION
PLOVER-GSR01-SANCTION-0013,expelled inspectors of,"North Korea expelled inspectors of the International Atomic Energy Agency, or IAEA, from frozen nuclear facilities at Yongbyon after U.S. officials alleged that the North admitted it had a uranium-based program in late 2002.",SANCTION
PLOVER-GSR01-SANCTION-0014,forced out,"Jakarta forced the UN refugee agency, UNHCR, out of the country following the relief operation, although it had more than $12M of unspent donations.",SANCTION
PLOVER-GSR01-COERCE-0001,prevented demonstration,Turkish police prevented the demonstration staged by students at Cumhuriyet University near AKP offices in Sivas on 15 October to protest the decision of sending troops to Iraq.,COERCE
PLOVER-GSR01-COERCE-0002,forced out from homes,"The Israeli army forced out on Wednesday more than 1,000 Palestinian refugees from their homes in a West Bank refugee camp during a 48-hour search for militants, residents said.",FIGHT
PLOVER-GSR01-COERCE-0003,confiscated,"In an unprecedented move, Palestinian police in Jericho confiscated weapons and explosives from Palestinian armed groups, the Israeli army said Friday.",COERCE
PLOVER-GSR01-COERCE-0004,blew up power lines,"Afghan guerillas blew up three main electric power lines leading into Kabul last month and nearly one third of the city's power supply is still down, the Czechoslovak news agency Ceteka reported from Kabul today.",COERCE
PLOVER-GSR01-COERCE-0005,set fire offices,"Jewish settlers in the West Bank city of Hebron set fire to the offices of the Palestinian administrators of Muslim property overnight following the killing of an Israeli man, Palestinian residents said Sunday.",COERCE
PLOVER-GSR01-COERCE-0006,demolished,"Israeli army bulldozers demolished Palestinian homes and civilian buildings in southern Gaza on Sunday, Palestinian officials and US witnesses said.",COERCE
PLOVER-GSR01-COERCE-0007,outlawed,The British government on Monday outlawed the largest Protestant extremist organization in Northern Ireland because of what it called its direct involvement in killing in the strife-torn province.,COERCE
PLOVER-GSR01-COERCE-0008,ordered suspend publication,"Nicaragua's Sandinista government today ordered the opposition newspaper La Prensa to suspend publication indefinitely, a spokesman for the paper said.",COERCE
PLOVER-GSR01-COERCE-0009,banned candidates,President Yoweri Museveni has banned Ugandan opposition candidates from participating in the upcoming elections.,COERCE
PLOVER-GSR01-COERCE-0010,imposed curfew,"Turkish authorities have imposed a curfew in the town of Cizre in southeastern Turkey after a demonstration over fraud allegations in Sunday's local elections, security sources said here Tuesday.",COERCE
PLOVER-GSR01-COERCE-0011,declared state of siege,"The military government of President Prosper Avril declared a 30-day state of siege in Haiti on Saturday, suspending parts of the constitution and arresting political opponents, a spokeswoman for the U.S. embassy said.",COERCE
PLOVER-GSR01-COERCE-0012,arrested,"Israeli soldiers arrested more than 100 Palestinians on Saturday in a security sweep of the Hebron area of the occupied West Bank, military sources said.",COERCE
PLOVER-GSR01-COERCE-0013,deported,"Ghanaian authorities have deported 168 Liberians for traveling without proper documents on a Swedish-registered vessel, a port official said Monday.",COERCE
PLOVER-GSR01-COERCE-0014,hack into,"North Korea has tried to hack into the computers of South Korean army officers, officials said Tuesday.",COERCE
PLOVER-GSR01-COERCE-0015,defaced,"Muslim hackers angered by the publication of cartoons of the Prophet Mohammed have defaced nearly 3,000 Danish Web sites over the past month in the biggest politically motivated cyber attack long-time observers have ever seen.",COERCE
PLOVER-GSR01-COERCE-0004,reimposed blockades,"Israel Friday reimposed blockades in the West Bank following the shooting deaths of two Israelis a day earlier, a military spokesman announced.",COERCE
PLOVER-GSR01-COERCE-0017,holding as human shields,"The Sri Lankan army has been holding thousands of Tamil civilian refugees as human shields in the battle zones of the southern sector of the Jaffna peninsula, according to a press release by the Liberation Tigers.",COERCE
PLOVER-GSR01-ASSAULT-0001,was attacked by with machetes,"A temporary camp for Congolese refugees was attacked by Burundian militiamen armed with machetes, killing at least 156 people, the UN refugee agency reported.",ASSAULT
PLOVER-GSR01-ASSAULT-0003,beat up,"Israeli soldiers routinely beat up Palestinian detainees on the occupied West Bank with the knowledge of senior officers, a court martial was told today.",ASSAULT
PLOVER-GSR01-ASSAULT-0004,sexually abused,"U.S. border patrol agents sexually abused illegal Mexican immigrants with impunity, a human rights organization charged on Saturday.",ASSAULT
PLOVER-GSR01-ASSAULT-0005,tortured,"Security forces in Guinea have tortured scores of Sierra Leonean and Liberian refugees, whom authorities blame for a border conflict, Human Rights Watch (HWR) said Thursday.",ASSAULT
PLOVER-GSR01-ASSAULT-0006,died of torture,"A Palestinian prisoner died as a result of torture while in Israeli police custody, according to a report by a pathologist sent to Israel by Physicians for Human Rights.",ASSAULT
PLOVER-GSR01-ASSAULT-0007,wounded in bomb attack,"Irish nationalist guerrillas wounded two British soldiers in a bomb attack on Thursday, police said.",ASSAULT
PLOVER-GSR01-ASSAULT-0008,suicide bombers killed,"Two Palestinian suicide bombers killed 23 people as well as themselves late Sunday when they blew themselves up in Tel Aviv in the second-worst attack in the current Palestinian uprising, police said.",ASSAULT
PLOVER-GSR01-ASSAULT-0009,have been killed in suicide bombing,"At least three Iraqi civilians have been killed in a suicide car bombing in central Baghdad, Iraqi police said.",ASSAULT
PLOVER-GSR01-ASSAULT-0010,has been killed in car bomb,A prominent anti-Syria journalist has been killed in a car bomb explosion in a residential sector of mostly Christian eastern Beirut.,ASSAULT
PLOVER-GSR01-ASSAULT-0011,roadside bombing killed,"A roadside bombing near the town of Samarra on Sunday killed one U.S. soldier and wounded two others, the military said.",ASSAULT
PLOVER-GSR01-ASSAULT-0012,killed improvised explosive device,Three US servicemen were killed by an improvised explosive device outside of the Iraqi city of Basra.,ASSAULT
PLOVER-GSR01-ASSAULT-0013,killed deputy chief,Hezbollah guerrillas killed the deputy chief of Israel's militia ally in southern Lebanon Sunday sources on both sides said.,ASSAULT
PLOVER-GSR01-ASSAULT-0014,attempt to assassinate thwarted in,"An attempt to assassinate deputy governor of the Tyumen region, Oleg Chemezov, was thwarted in Khanty-Mansiysk (Siberia), the city's police reported.",ASSAULT
PLOVER-GSR01-ASSAULT-0015,said attempted to assassinate,"Militants loyal to Iraq's Al-Qaeda frontman Abu Musab al-Zarqawi said they attempted to assassinate outgoing Prime Minister Iyad Allawi, in a statement posted on the internet.",ASSAULT
PLOVER-GSR01-FIGHT-0001,engaged in ethnic cleansing against,"Serb forces were engaged in ethnic cleansing in Montenegro against the Albanian population of the province, according to the US government.",FIGHT
PLOVER-GSR01-FIGHT-0002,retaken village,"Vietnamese-led forces have retaken a strategic village in Western Cambodia after fierce fighting with guerrillas who overran it late last month, Thai military sources said today.",FIGHT
PLOVER-GSR01-FIGHT-0003,captured stronghold,"Burmese troops have captured part of a Karen guerrilla stronghold on the Thai border after five days of fighting, Thai police here said on Monday.",FIGHT
PLOVER-GSR01-FIGHT-0004,mounted invasion,"Israel today mounted its long-threatened invasion of South Lebanon, ploughing through the United Nations lines on the coast of south of Tyre and thrusting forward in at least to inland areas.",FIGHT
PLOVER-GSR01-FIGHT-0005,shelled,"Sudanese rebels shelled the southern regional capital Juba for the first time in a year on Sunday and Monday, killing about 20 people, relief officials in Nairobi said.",FIGHT
PLOVER-GSR01-FIGHT-0007,killed in gunbattle,"Serb forces killed three ethnic Albanians in a gunbattle in southeastern Serbia Friday, a political council representing ethnic Albanians in the region said in remarks published here Sunday.",FIGHT
PLOVER-GSR01-FIGHT-0008,minefield explosion killed wounded,A minefield explosion near the town of Samarra killed two Iraqi youths and wounded five others on Sunday.,FIGHT
PLOVER-GSR01-FIGHT-0009,launched artillery mortar rocket,"Vietnamese-led forces launched artillery, mortar, and rocket fire against Kampuchean guerrilla camps near the eastern Thai border today, killing or wounding 50, Thai military sources said.",FIGHT
PLOVER-GSR01-FIGHT-0010,tanks fired,"Israeli tanks fired four shell bombs at targets in Jericho, witnesses said, in a rare incident in the West Bank city.",FIGHT
PLOVER-GSR01-FIGHT-0011,aircraft killed,Russian aircraft including helicopter gunships killed 46 Afghan civilians in an attack on a village in the western province of Herat.,FIGHT
PLOVER-GSR01-FIGHT-0012,helicopters shelled,Israeli helicopters and tanks shelled positions of the Palestinian security forces and residential areas near the town of Rafah.,FIGHT
PLOVER-GSR01-FIGHT-0013,aircraft using precision guided missiles killed,British aircraft using precision guided missiles killed 4 Iraqis in an attack on a suspected weapons supply in Basra.,FIGHT
PLOVER-GSR01-FIGHT-0014,Predator killed,"Recent US Predator attacks, occurring about once every three days, have killed at least eight top al-Qaeda leaders since last July, according to Pentagon sources.",FIGHT
PLOVER-GSR01-FIGHT-0015,guilty violating ceasefire,"Both the Phillippines military and the Moro Islamic Liberation Front are guilty of violating the ceasefire agreement signed in March 2001, according to a group that conducted simultaneous fact-finding missions in Lanao, Maguindanao, and Cotabato provinces last week.",FIGHT
